benchmark_id	work_group_id	canonical_flag	duplicate_of	record_type	source_record_id	benchmark_name	benchmark_version	benchmark_type	task	subtask	modality	species	technology	dataset	dataset_size	batch_condition	noise_condition	tool_name	tool_alias	workflow_step	metric	metric_definition	direction	score	normalized_score	rank	rank_scope	n_tools_compared	runtime	memory_usage	hardware	statistical_significance	paper_title	paper_doi	paper_pmid	source_url	source_type	result_text	claim_span	evaluation_protocol	reproducible	code_available	benchmark_repo	extraction_method	confidence	trust_level	review_status	reviewed_by	review_time	kg_version	created_at	updated_at	last_checked	notes	group_size	group_reason	canonical_score
CAND_BMK_ACTIONet_fa37516deb49	BMKWG_CAND_BMK_ACTIONet_fa37516deb49	true		benchmark	CAND_PUB_ACTIONet_c50450bf8b43	Supplemental Information 12: scRNA-Seq Pipeline Evaluation.		unknown			scRNA-seq							ACTIONet	ACTIONet	unknown													Supplemental Information 12: scRNA-Seq Pipeline Evaluation.	10.7717/peerj.10469/supp-12		https://doi.org/10.7717/peerj.10469/supp-12	crossref		Supplemental Information 12: scRNA-Seq Pipeline Evaluation.					crossref_api_candidate_search	0.400	review_needed	pending			v0.1	2026-05-14T08:12:18.963164+00:00	2026-05-14T08:12:18.963164+00:00	2026-05-14T08:12:18.963164+00:00	candidate benchmark shell; manually extract metric/rank/score/protocol before ingest	1	has DOI; has source URL; contains non-preprint version	16.0000
CAND_BMK_ASAP_cf87f46fd2dd	BMKWG_CAND_BMK_ASAP_cf87f46fd2dd	true		benchmark	CAND_PUB_ASAP_c50450bf8b43	Supplemental Information 12: scRNA-Seq Pipeline Evaluation.		unknown			scRNA-seq							ASAP	ASAP	unknown													Supplemental Information 12: scRNA-Seq Pipeline Evaluation.	10.7717/peerj.10469/supp-12		https://doi.org/10.7717/peerj.10469/supp-12	crossref		Supplemental Information 12: scRNA-Seq Pipeline Evaluation.					crossref_api_candidate_search	0.400	review_needed	pending			v0.1	2026-05-14T08:12:18.963164+00:00	2026-05-14T08:12:18.963164+00:00	2026-05-14T08:12:18.963164+00:00	candidate benchmark shell; manually extract metric/rank/score/protocol before ingest	1	has DOI; has source URL; contains non-preprint version	16.0000
CAND_BMK_CellPLM_363dc57e174e	BMKWG_CAND_BMK_CellPLM_363dc57e174e	true		benchmark	CAND_PUB_CellPLM_c50450bf8b43	Supplemental Information 12: scRNA-Seq Pipeline Evaluation.		unknown			scRNA-seq							CellPLM	CellPLM	unknown													Supplemental Information 12: scRNA-Seq Pipeline Evaluation.	10.7717/peerj.10469/supp-12		https://doi.org/10.7717/peerj.10469/supp-12	crossref		Supplemental Information 12: scRNA-Seq Pipeline Evaluation.					crossref_api_candidate_search	0.400	review_needed	pending			v0.1	2026-05-14T08:12:18.963164+00:00	2026-05-14T08:12:18.963164+00:00	2026-05-14T08:12:18.963164+00:00	candidate benchmark shell; manually extract metric/rank/score/protocol before ingest	1	has DOI; has source URL; contains non-preprint version	16.0000
CAND_BMK_CellRank_a5cb3271abef	BMKWG_CAND_BMK_CellRank_a5cb3271abef	true		benchmark	CAND_PUB_CellRank_c50450bf8b43	Supplemental Information 12: scRNA-Seq Pipeline Evaluation.		unknown			scRNA-seq							CellRank	cellrank;CellRank	unknown													Supplemental Information 12: scRNA-Seq Pipeline Evaluation.	10.7717/peerj.10469/supp-12		https://doi.org/10.7717/peerj.10469/supp-12	crossref		Supplemental Information 12: scRNA-Seq Pipeline Evaluation.					crossref_api_candidate_search	0.400	review_needed	pending			v0.1	2026-05-14T08:12:18.963164+00:00	2026-05-14T08:12:18.963164+00:00	2026-05-14T08:12:18.963164+00:00	candidate benchmark shell; manually extract metric/rank/score/protocol before ingest	1	has DOI; has source URL; contains non-preprint version	16.0000
CAND_BMK_CellTools_c6dd61c3086c	BMKWG_CAND_BMK_CellTools_c6dd61c3086c	true		benchmark	CAND_PUB_CellTools_c50450bf8b43	Supplemental Information 12: scRNA-Seq Pipeline Evaluation.		unknown			scRNA-seq							CellTools	CellTools	unknown													Supplemental Information 12: scRNA-Seq Pipeline Evaluation.	10.7717/peerj.10469/supp-12		https://doi.org/10.7717/peerj.10469/supp-12	crossref		Supplemental Information 12: scRNA-Seq Pipeline Evaluation.					crossref_api_candidate_search	0.400	review_needed	pending			v0.1	2026-05-14T08:12:18.963164+00:00	2026-05-14T08:12:18.963164+00:00	2026-05-14T08:12:18.963164+00:00	candidate benchmark shell; manually extract metric/rank/score/protocol before ingest	1	has DOI; has source URL; contains non-preprint version	16.0000
CAND_BMK_CellTypist_7c0e05f66a52	BMKWG_CAND_BMK_CellTypist_7c0e05f66a52	true		benchmark	CAND_PUB_CellTypist_c50450bf8b43	Supplemental Information 12: scRNA-Seq Pipeline Evaluation.		unknown			scRNA-seq							CellTypist	CellTypist	unknown													Supplemental Information 12: scRNA-Seq Pipeline Evaluation.	10.7717/peerj.10469/supp-12		https://doi.org/10.7717/peerj.10469/supp-12	crossref		Supplemental Information 12: scRNA-Seq Pipeline Evaluation.					crossref_api_candidate_search	0.400	review_needed	pending			v0.1	2026-05-14T08:12:18.963164+00:00	2026-05-14T08:12:18.963164+00:00	2026-05-14T08:12:18.963164+00:00	candidate benchmark shell; manually extract metric/rank/score/protocol before ingest	1	has DOI; has source URL; contains non-preprint version	16.0000
CAND_BMK_DoubletFinder_609fe91dd6e9	BMKWG_CAND_BMK_DoubletFinder_609fe91dd6e9	true		benchmark	CAND_PUB_DoubletFinder_c50450bf8b43	Supplemental Information 12: scRNA-Seq Pipeline Evaluation.		unknown			scRNA-seq							DoubletFinder	DoubletFinder	unknown													Supplemental Information 12: scRNA-Seq Pipeline Evaluation.	10.7717/peerj.10469/supp-12		https://doi.org/10.7717/peerj.10469/supp-12	crossref		Supplemental Information 12: scRNA-Seq Pipeline Evaluation.					crossref_api_candidate_search	0.400	review_needed	pending			v0.1	2026-05-14T08:12:18.963164+00:00	2026-05-14T08:12:18.963164+00:00	2026-05-14T08:12:18.963164+00:00	candidate benchmark shell; manually extract metric/rank/score/protocol before ingest	1	has DOI; has source URL; contains non-preprint version	16.0000
CAND_BMK_Harmony_31468f044126	BMKWG_CAND_BMK_Harmony_31468f044126	true		benchmark	CAND_PUB_Harmony_c50450bf8b43	Supplemental Information 12: scRNA-Seq Pipeline Evaluation.		unknown			scRNA-seq							Harmony	Harmony	unknown													Supplemental Information 12: scRNA-Seq Pipeline Evaluation.	10.7717/peerj.10469/supp-12		https://doi.org/10.7717/peerj.10469/supp-12	crossref		Supplemental Information 12: scRNA-Seq Pipeline Evaluation.					crossref_api_candidate_search	0.400	review_needed	pending			v0.1	2026-05-14T08:12:18.963164+00:00	2026-05-14T08:12:18.963164+00:00	2026-05-14T08:12:18.963164+00:00	candidate benchmark shell; manually extract metric/rank/score/protocol before ingest	1	has DOI; has source URL; contains non-preprint version	16.0000
CAND_BMK_HieRFIT_a8cdb2487f1d	BMKWG_CAND_BMK_HieRFIT_a8cdb2487f1d	true		benchmark	CAND_PUB_HieRFIT_c50450bf8b43	Supplemental Information 12: scRNA-Seq Pipeline Evaluation.		unknown			scRNA-seq							HieRFIT	HieRFIT	unknown													Supplemental Information 12: scRNA-Seq Pipeline Evaluation.	10.7717/peerj.10469/supp-12		https://doi.org/10.7717/peerj.10469/supp-12	crossref		Supplemental Information 12: scRNA-Seq Pipeline Evaluation.					crossref_api_candidate_search	0.400	review_needed	pending			v0.1	2026-05-14T08:12:18.963164+00:00	2026-05-14T08:12:18.963164+00:00	2026-05-14T08:12:18.963164+00:00	candidate benchmark shell; manually extract metric/rank/score/protocol before ingest	1	has DOI; has source URL; contains non-preprint version	16.0000
CAND_BMK_LIGER_e0f7d4af3f77	BMKWG_CAND_BMK_LIGER_e0f7d4af3f77	true		benchmark	CAND_PUB_LIGER_c50450bf8b43	Supplemental Information 12: scRNA-Seq Pipeline Evaluation.		unknown			scRNA-seq							LIGER	LIGER	unknown													Supplemental Information 12: scRNA-Seq Pipeline Evaluation.	10.7717/peerj.10469/supp-12		https://doi.org/10.7717/peerj.10469/supp-12	crossref		Supplemental Information 12: scRNA-Seq Pipeline Evaluation.					crossref_api_candidate_search	0.400	review_needed	pending			v0.1	2026-05-14T08:12:18.963164+00:00	2026-05-14T08:12:18.963164+00:00	2026-05-14T08:12:18.963164+00:00	candidate benchmark shell; manually extract metric/rank/score/protocol before ingest	1	has DOI; has source URL; contains non-preprint version	16.0000
CAND_BMK_MAESTRO_624c70275953	BMKWG_CAND_BMK_MAESTRO_624c70275953	true		benchmark	CAND_PUB_MAESTRO_c50450bf8b43	Supplemental Information 12: scRNA-Seq Pipeline Evaluation.		unknown			scRNA-seq							MAESTRO	MAESTRO	unknown													Supplemental Information 12: scRNA-Seq Pipeline Evaluation.	10.7717/peerj.10469/supp-12		https://doi.org/10.7717/peerj.10469/supp-12	crossref		Supplemental Information 12: scRNA-Seq Pipeline Evaluation.					crossref_api_candidate_search	0.400	review_needed	pending			v0.1	2026-05-14T08:12:18.963164+00:00	2026-05-14T08:12:18.963164+00:00	2026-05-14T08:12:18.963164+00:00	candidate benchmark shell; manually extract metric/rank/score/protocol before ingest	1	has DOI; has source URL; contains non-preprint version	16.0000
CAND_BMK_MAESTRO_e186b1ce10ff	BMKWG_CAND_BMK_MAESTRO_e186b1ce10ff	true		benchmark	CAND_PUB_MAESTRO_e9a83dcd10e5	Editor's evaluation: Hydrop enables droplet-based single-cell ATAC-seq and single-cell RNA-seq using dissolvable hydrogel beads		unknown			scRNA-seq;scATAC-seq							MAESTRO	MAESTRO	unknown													Editor's evaluation: Hydrop enables droplet-based single-cell ATAC-seq and single-cell RNA-seq using dissolvable hydrogel beads	10.7554/elife.73971.sa0		https://doi.org/10.7554/elife.73971.sa0	crossref		Editor's evaluation: Hydrop enables droplet-based single-cell ATAC-seq and single-cell RNA-seq using dissolvable hydrogel beads					crossref_api_candidate_search	0.400	review_needed	pending			v0.1	2026-05-14T08:12:18.963164+00:00	2026-05-14T08:12:18.963164+00:00	2026-05-14T08:12:18.963164+00:00	candidate benchmark shell; manually extract metric/rank/score/protocol before ingest	1	has DOI; has source URL; contains non-preprint version	26.0000
CAND_BMK_MIMOSCA_fa22dc6ec443	BMKWG_CAND_BMK_MIMOSCA_fa22dc6ec443	true		benchmark	CAND_PUB_MIMOSCA_c50450bf8b43	Supplemental Information 12: scRNA-Seq Pipeline Evaluation.		unknown			scRNA-seq							MIMOSCA	MIMOSCA	unknown													Supplemental Information 12: scRNA-Seq Pipeline Evaluation.	10.7717/peerj.10469/supp-12		https://doi.org/10.7717/peerj.10469/supp-12	crossref		Supplemental Information 12: scRNA-Seq Pipeline Evaluation.					crossref_api_candidate_search	0.400	review_needed	pending			v0.1	2026-05-14T08:12:18.963164+00:00	2026-05-14T08:12:18.963164+00:00	2026-05-14T08:12:18.963164+00:00	candidate benchmark shell; manually extract metric/rank/score/protocol before ingest	1	has DOI; has source URL; contains non-preprint version	16.0000
CAND_BMK_MOFA2_781716a3732b	BMKWG_CAND_BMK_MOFA2_781716a3732b	true		benchmark	CAND_PUB_MOFA2_c50450bf8b43	Supplemental Information 12: scRNA-Seq Pipeline Evaluation.		unknown			scRNA-seq							MOFA2	MOFA;MOFA2	unknown													Supplemental Information 12: scRNA-Seq Pipeline Evaluation.	10.7717/peerj.10469/supp-12		https://doi.org/10.7717/peerj.10469/supp-12	crossref		Supplemental Information 12: scRNA-Seq Pipeline Evaluation.					crossref_api_candidate_search	0.400	review_needed	pending			v0.1	2026-05-14T08:12:18.963164+00:00	2026-05-14T08:12:18.963164+00:00	2026-05-14T08:12:18.963164+00:00	candidate benchmark shell; manually extract metric/rank/score/protocol before ingest	1	has DOI; has source URL; contains non-preprint version	16.0000
CAND_BMK_MOFA_0530d262ff2c	BMKWG_CAND_BMK_MOFA_0530d262ff2c	true		benchmark	CAND_PUB_MOFA_c50450bf8b43	Supplemental Information 12: scRNA-Seq Pipeline Evaluation.		unknown			scRNA-seq							MOFA	MOFA	unknown													Supplemental Information 12: scRNA-Seq Pipeline Evaluation.	10.7717/peerj.10469/supp-12		https://doi.org/10.7717/peerj.10469/supp-12	crossref		Supplemental Information 12: scRNA-Seq Pipeline Evaluation.					crossref_api_candidate_search	0.400	review_needed	pending			v0.1	2026-05-14T08:12:18.963164+00:00	2026-05-14T08:12:18.963164+00:00	2026-05-14T08:12:18.963164+00:00	candidate benchmark shell; manually extract metric/rank/score/protocol before ingest	1	has DOI; has source URL; contains non-preprint version	16.0000
CAND_BMK_Matilda_248589b1f996	BMKWG_CAND_BMK_Matilda_248589b1f996	true		benchmark	CAND_PUB_Matilda_c50450bf8b43	Supplemental Information 12: scRNA-Seq Pipeline Evaluation.		unknown			scRNA-seq							Matilda	Matilda	unknown													Supplemental Information 12: scRNA-Seq Pipeline Evaluation.	10.7717/peerj.10469/supp-12		https://doi.org/10.7717/peerj.10469/supp-12	crossref		Supplemental Information 12: scRNA-Seq Pipeline Evaluation.					crossref_api_candidate_search	0.400	review_needed	pending			v0.1	2026-05-14T08:12:18.963164+00:00	2026-05-14T08:12:18.963164+00:00	2026-05-14T08:12:18.963164+00:00	candidate benchmark shell; manually extract metric/rank/score/protocol before ingest	1	has DOI; has source URL; contains non-preprint version	16.0000
CAND_BMK_Panpipes_77b19e95ec99	BMKWG_CAND_BMK_Panpipes_77b19e95ec99	true		benchmark	CAND_PUB_Panpipes_c50450bf8b43	Supplemental Information 12: scRNA-Seq Pipeline Evaluation.		unknown			scRNA-seq							Panpipes	Panpipes	unknown													Supplemental Information 12: scRNA-Seq Pipeline Evaluation.	10.7717/peerj.10469/supp-12		https://doi.org/10.7717/peerj.10469/supp-12	crossref		Supplemental Information 12: scRNA-Seq Pipeline Evaluation.					crossref_api_candidate_search	0.400	review_needed	pending			v0.1	2026-05-14T08:12:18.963164+00:00	2026-05-14T08:12:18.963164+00:00	2026-05-14T08:12:18.963164+00:00	candidate benchmark shell; manually extract metric/rank/score/protocol before ingest	1	has DOI; has source URL; contains non-preprint version	16.0000
CAND_BMK_RcppML_5075ac20be29	BMKWG_CAND_BMK_RcppML_5075ac20be29	true		benchmark	CAND_PUB_RcppML_c50450bf8b43	Supplemental Information 12: scRNA-Seq Pipeline Evaluation.		unknown			scRNA-seq							RcppML	RcppML	unknown													Supplemental Information 12: scRNA-Seq Pipeline Evaluation.	10.7717/peerj.10469/supp-12		https://doi.org/10.7717/peerj.10469/supp-12	crossref		Supplemental Information 12: scRNA-Seq Pipeline Evaluation.					crossref_api_candidate_search	0.400	review_needed	pending			v0.1	2026-05-14T08:12:18.963164+00:00	2026-05-14T08:12:18.963164+00:00	2026-05-14T08:12:18.963164+00:00	candidate benchmark shell; manually extract metric/rank/score/protocol before ingest	1	has DOI; has source URL; contains non-preprint version	16.0000
CAND_BMK_SATURN_632d1d4fd6d4	BMKWG_CAND_BMK_SATURN_632d1d4fd6d4	true		benchmark	CAND_PUB_SATURN_c50450bf8b43	Supplemental Information 12: scRNA-Seq Pipeline Evaluation.		unknown			scRNA-seq							SATURN	SATURN	unknown													Supplemental Information 12: scRNA-Seq Pipeline Evaluation.	10.7717/peerj.10469/supp-12		https://doi.org/10.7717/peerj.10469/supp-12	crossref		Supplemental Information 12: scRNA-Seq Pipeline Evaluation.					crossref_api_candidate_search	0.400	review_needed	pending			v0.1	2026-05-14T08:12:18.963164+00:00	2026-05-14T08:12:18.963164+00:00	2026-05-14T08:12:18.963164+00:00	candidate benchmark shell; manually extract metric/rank/score/protocol before ingest	1	has DOI; has source URL; contains non-preprint version	16.0000
CAND_BMK_SCING-pipeline_1a507ac498c6	BMKWG_CAND_BMK_SCING-pipeline_1a507ac498c6	true		benchmark	CAND_PUB_SCING-pipeline_6ad93b7eaed0	cellMarkerPipe: Cell Marker Identification and Evaluation Pipeline in Single Cell Transcriptomes		unknown										SCING-pipeline	SCING-pipeline	unknown													cellMarkerPipe: Cell Marker Identification and Evaluation Pipeline in Single Cell Transcriptomes	10.21203/rs.3.rs-3844718/v1		https://doi.org/10.21203/rs.3.rs-3844718/v1	crossref		cellMarkerPipe: Cell Marker Identification and Evaluation Pipeline in Single Cell Transcriptomes					crossref_api_candidate_search	0.400	review_needed	pending			v0.1	2026-05-14T08:12:18.963164+00:00	2026-05-14T08:12:18.963164+00:00	2026-05-14T08:12:18.963164+00:00	candidate benchmark shell; manually extract metric/rank/score/protocol before ingest	1	has DOI; has source URL; contains non-preprint version	26.0000
CAND_BMK_SCING-pipeline_2b2e9e5b021e	BMKWG_CAND_BMK_SCING-pipeline_2b2e9e5b021e	true		benchmark	CAND_PUB_SCING-pipeline_2caf21fc5e6d	"Supplemental Information 2: Comparison between
                      <i>BingleSeq</i>
                      ’s scRNA-Seq pipeline and other similar applications."		unknown			scRNA-seq							SCING-pipeline	SCING-pipeline	unknown													"Supplemental Information 2: Comparison between
                      <i>BingleSeq</i>
                      ’s scRNA-Seq pipeline and other similar applications."	10.7717/peerj.10469/supp-2		https://doi.org/10.7717/peerj.10469/supp-2	crossref		"Supplemental Information 2: Comparison between
                      <i>BingleSeq</i>
                      ’s scRNA-Seq pipeline and other similar applications."					crossref_api_candidate_search	0.400	review_needed	pending			v0.1	2026-05-14T08:12:18.963164+00:00	2026-05-14T08:12:18.963164+00:00	2026-05-14T08:12:18.963164+00:00	candidate benchmark shell; manually extract metric/rank/score/protocol before ingest	1	has DOI; has source URL; contains non-preprint version	16.0000
CAND_BMK_SCING-pipeline_2ae48172dc0a	BMKWG_CAND_BMK_SCING-pipeline_76d430b1fbdf	false	CAND_BMK_SCING-pipeline_76d430b1fbdf	benchmark	CAND_PUB_SCING-pipeline_a1303d5c7835	pipeComp, a general framework for the evaluation of computational pipelines, reveals performant single-cell RNA-seq preprocessing tools		unknown			scRNA-seq							SCING-pipeline	SCING-pipeline	unknown													pipeComp, a general framework for the evaluation of computational pipelines, reveals performant single-cell RNA-seq preprocessing tools	10.1101/2020.02.02.930578		https://doi.org/10.1101/2020.02.02.930578	crossref		pipeComp, a general framework for the evaluation of computational pipelines, reveals performant single-cell RNA-seq preprocessing tools					crossref_api_candidate_search	0.400	review_needed	pending			v0.1	2026-05-14T08:12:18.963164+00:00	2026-05-14T08:12:18.963164+00:00	2026-05-14T08:12:18.963164+00:00	candidate benchmark shell; manually extract metric/rank/score/protocol before ingest; duplicate_version; keep for provenance, exclude from ranking	3	distinct DOIs; distinct source URLs; title similarity max=1.00; author overlap max=0.00; contains preprint version; contains non-preprint version	26.0000
CAND_BMK_SCING-pipeline_715b5725b495	BMKWG_CAND_BMK_SCING-pipeline_76d430b1fbdf	false	CAND_BMK_SCING-pipeline_76d430b1fbdf	benchmark	CAND_PUB_SCING-pipeline_e88f2328b90c	pipeComp, a general framework for the evaluation of computational pipelines, reveals performant single-cell RNA-seq preprocessing tools		unknown			scRNA-seq							SCING-pipeline	SCING-pipeline	unknown													pipeComp, a general framework for the evaluation of computational pipelines, reveals performant single-cell RNA-seq preprocessing tools	10.37473//10.1101/2020.02.02.930578		https://doi.org/10.37473//10.1101/2020.02.02.930578	crossref		pipeComp, a general framework for the evaluation of computational pipelines, reveals performant single-cell RNA-seq preprocessing tools					crossref_api_candidate_search	0.400	review_needed	pending			v0.1	2026-05-14T08:12:18.963164+00:00	2026-05-14T08:12:18.963164+00:00	2026-05-14T08:12:18.963164+00:00	candidate benchmark shell; manually extract metric/rank/score/protocol before ingest; duplicate_version; keep for provenance, exclude from ranking	3	distinct DOIs; distinct source URLs; title similarity max=1.00; author overlap max=0.00; contains preprint version; contains non-preprint version	26.0000
CAND_BMK_SCING-pipeline_76d430b1fbdf	BMKWG_CAND_BMK_SCING-pipeline_76d430b1fbdf	true		benchmark	CAND_PUB_SCING-pipeline_5c050486228d	pipeComp, a general framework for the evaluation of computational pipelines, reveals performant single-cell RNA-seq preprocessing tools		unknown			scRNA-seq							SCING-pipeline	SCING-pipeline	unknown													pipeComp, a general framework for the evaluation of computational pipelines, reveals performant single-cell RNA-seq preprocessing tools	10.37473/dac/10.1101/2020.02.02.930578		https://doi.org/10.37473/dac/10.1101/2020.02.02.930578	crossref		pipeComp, a general framework for the evaluation of computational pipelines, reveals performant single-cell RNA-seq preprocessing tools					crossref_api_candidate_search	0.400	review_needed	pending			v0.1	2026-05-14T08:12:18.963164+00:00	2026-05-14T08:12:18.963164+00:00	2026-05-14T08:12:18.963164+00:00	candidate benchmark shell; manually extract metric/rank/score/protocol before ingest	3	distinct DOIs; distinct source URLs; title similarity max=1.00; author overlap max=0.00; contains preprint version; contains non-preprint version	26.0000
CAND_BMK_SCING-pipeline_bfbf0d81d4d0	BMKWG_CAND_BMK_SCING-pipeline_bfbf0d81d4d0	true		benchmark	CAND_PUB_SCING-pipeline_c50450bf8b43	Supplemental Information 12: scRNA-Seq Pipeline Evaluation.		unknown			scRNA-seq							SCING-pipeline	SCING-pipeline	unknown													Supplemental Information 12: scRNA-Seq Pipeline Evaluation.	10.7717/peerj.10469/supp-12		https://doi.org/10.7717/peerj.10469/supp-12	crossref		Supplemental Information 12: scRNA-Seq Pipeline Evaluation.					crossref_api_candidate_search	0.400	review_needed	pending			v0.1	2026-05-14T08:12:18.963164+00:00	2026-05-14T08:12:18.963164+00:00	2026-05-14T08:12:18.963164+00:00	candidate benchmark shell; manually extract metric/rank/score/protocol before ingest	1	has DOI; has source URL; contains non-preprint version	16.0000
CAND_BMK_SCRIPro_185891493d93	BMKWG_CAND_BMK_SCRIPro_185891493d93	true		benchmark	CAND_PUB_SCRIPro_c50450bf8b43	Supplemental Information 12: scRNA-Seq Pipeline Evaluation.		unknown			scRNA-seq							SCRIPro	SCRIPro	unknown													Supplemental Information 12: scRNA-Seq Pipeline Evaluation.	10.7717/peerj.10469/supp-12		https://doi.org/10.7717/peerj.10469/supp-12	crossref		Supplemental Information 12: scRNA-Seq Pipeline Evaluation.					crossref_api_candidate_search	0.400	review_needed	pending			v0.1	2026-05-14T08:12:18.963164+00:00	2026-05-14T08:12:18.963164+00:00	2026-05-14T08:12:18.963164+00:00	candidate benchmark shell; manually extract metric/rank/score/protocol before ingest	1	has DOI; has source URL; contains non-preprint version	16.0000
CAND_BMK_Scanpy_1aecff9c7e22	BMKWG_CAND_BMK_Scanpy_1aecff9c7e22	true		benchmark	CAND_PUB_Scanpy_bd3784b63dc5	Comparison of Scanpy-based algorithms to remove the batch effect from single-cell RNA-seq data		Data Integration	Data Integration		scRNA-seq							Scanpy	Scanpy	integration													Comparison of Scanpy-based algorithms to remove the batch effect from single-cell RNA-seq data	10.1186/s13619-020-00041-9		https://doi.org/10.1186/s13619-020-00041-9	crossref		Comparison of Scanpy-based algorithms to remove the batch effect from single-cell RNA-seq data					crossref_api_candidate_search	0.400	review_needed	pending			v0.1	2026-05-14T08:12:18.963164+00:00	2026-05-14T08:12:18.963164+00:00	2026-05-14T08:12:18.963164+00:00	candidate benchmark shell; manually extract metric/rank/score/protocol before ingest	1	has DOI; has source URL; contains non-preprint version	41.0000
CAND_BMK_Scanpy_eb8733f441d4	BMKWG_CAND_BMK_Scanpy_eb8733f441d4	true		benchmark	CAND_PUB_Scanpy_c50450bf8b43	Supplemental Information 12: scRNA-Seq Pipeline Evaluation.		unknown			scRNA-seq							Scanpy	Scanpy	unknown													Supplemental Information 12: scRNA-Seq Pipeline Evaluation.	10.7717/peerj.10469/supp-12		https://doi.org/10.7717/peerj.10469/supp-12	crossref		Supplemental Information 12: scRNA-Seq Pipeline Evaluation.					crossref_api_candidate_search	0.400	review_needed	pending			v0.1	2026-05-14T08:12:18.963164+00:00	2026-05-14T08:12:18.963164+00:00	2026-05-14T08:12:18.963164+00:00	candidate benchmark shell; manually extract metric/rank/score/protocol before ingest	1	has DOI; has source URL; contains non-preprint version	16.0000
CAND_BMK_Scrublet_cc1efdbdaf19	BMKWG_CAND_BMK_Scrublet_cc1efdbdaf19	true		benchmark	CAND_PUB_Scrublet_c50450bf8b43	Supplemental Information 12: scRNA-Seq Pipeline Evaluation.		unknown			scRNA-seq							Scrublet	Scrublet	unknown													Supplemental Information 12: scRNA-Seq Pipeline Evaluation.	10.7717/peerj.10469/supp-12		https://doi.org/10.7717/peerj.10469/supp-12	crossref		Supplemental Information 12: scRNA-Seq Pipeline Evaluation.					crossref_api_candidate_search	0.400	review_needed	pending			v0.1	2026-05-14T08:12:18.963164+00:00	2026-05-14T08:12:18.963164+00:00	2026-05-14T08:12:18.963164+00:00	candidate benchmark shell; manually extract metric/rank/score/protocol before ingest	1	has DOI; has source URL; contains non-preprint version	16.0000
CAND_BMK_SeuratExtend_9a83a1b351b1	BMKWG_CAND_BMK_SeuratExtend_9a83a1b351b1	true		benchmark	CAND_PUB_SeuratExtend_c50450bf8b43	Supplemental Information 12: scRNA-Seq Pipeline Evaluation.		unknown			scRNA-seq							SeuratExtend	SeuratExtend	unknown													Supplemental Information 12: scRNA-Seq Pipeline Evaluation.	10.7717/peerj.10469/supp-12		https://doi.org/10.7717/peerj.10469/supp-12	crossref		Supplemental Information 12: scRNA-Seq Pipeline Evaluation.					crossref_api_candidate_search	0.400	review_needed	pending			v0.1	2026-05-14T08:12:18.963164+00:00	2026-05-14T08:12:18.963164+00:00	2026-05-14T08:12:18.963164+00:00	candidate benchmark shell; manually extract metric/rank/score/protocol before ingest	1	has DOI; has source URL; contains non-preprint version	16.0000
CAND_BMK_Seurat_1f3c4b36d198	BMKWG_CAND_BMK_Seurat_1f3c4b36d198	true		benchmark	CAND_PUB_Seurat_c50450bf8b43	Supplemental Information 12: scRNA-Seq Pipeline Evaluation.		unknown			scRNA-seq							Seurat	Seurat	unknown													Supplemental Information 12: scRNA-Seq Pipeline Evaluation.	10.7717/peerj.10469/supp-12		https://doi.org/10.7717/peerj.10469/supp-12	crossref		Supplemental Information 12: scRNA-Seq Pipeline Evaluation.					crossref_api_candidate_search	0.400	review_needed	pending			v0.1	2026-05-14T08:12:18.963164+00:00	2026-05-14T08:12:18.963164+00:00	2026-05-14T08:12:18.963164+00:00	candidate benchmark shell; manually extract metric/rank/score/protocol before ingest	1	has DOI; has source URL; contains non-preprint version	16.0000
CAND_BMK_SingleR_bf865ed007f2	BMKWG_CAND_BMK_SingleR_bf865ed007f2	true		benchmark	CAND_PUB_SingleR_c50450bf8b43	Supplemental Information 12: scRNA-Seq Pipeline Evaluation.		unknown			scRNA-seq							SingleR	SingleR	unknown													Supplemental Information 12: scRNA-Seq Pipeline Evaluation.	10.7717/peerj.10469/supp-12		https://doi.org/10.7717/peerj.10469/supp-12	crossref		Supplemental Information 12: scRNA-Seq Pipeline Evaluation.					crossref_api_candidate_search	0.400	review_needed	pending			v0.1	2026-05-14T08:12:18.963164+00:00	2026-05-14T08:12:18.963164+00:00	2026-05-14T08:12:18.963164+00:00	candidate benchmark shell; manually extract metric/rank/score/protocol before ingest	1	has DOI; has source URL; contains non-preprint version	16.0000
CAND_BMK_SnapATAC2_0bddb8f1f020	BMKWG_CAND_BMK_SnapATAC2_0bddb8f1f020	true		benchmark	CAND_PUB_SnapATAC2_c50450bf8b43	Supplemental Information 12: scRNA-Seq Pipeline Evaluation.		unknown			scRNA-seq							SnapATAC2	SnapATAC2	unknown													Supplemental Information 12: scRNA-Seq Pipeline Evaluation.	10.7717/peerj.10469/supp-12		https://doi.org/10.7717/peerj.10469/supp-12	crossref		Supplemental Information 12: scRNA-Seq Pipeline Evaluation.					crossref_api_candidate_search	0.400	review_needed	pending			v0.1	2026-05-14T08:12:18.963164+00:00	2026-05-14T08:12:18.963164+00:00	2026-05-14T08:12:18.963164+00:00	candidate benchmark shell; manually extract metric/rank/score/protocol before ingest	1	has DOI; has source URL; contains non-preprint version	16.0000
CAND_BMK_SoupX_4d77f528b2f7	BMKWG_CAND_BMK_SoupX_4d77f528b2f7	true		benchmark	CAND_PUB_SoupX_e9a83dcd10e5	Editor's evaluation: Hydrop enables droplet-based single-cell ATAC-seq and single-cell RNA-seq using dissolvable hydrogel beads		unknown			scRNA-seq;scATAC-seq							SoupX	SoupX	unknown													Editor's evaluation: Hydrop enables droplet-based single-cell ATAC-seq and single-cell RNA-seq using dissolvable hydrogel beads	10.7554/elife.73971.sa0		https://doi.org/10.7554/elife.73971.sa0	crossref		Editor's evaluation: Hydrop enables droplet-based single-cell ATAC-seq and single-cell RNA-seq using dissolvable hydrogel beads					crossref_api_candidate_search	0.400	review_needed	pending			v0.1	2026-05-14T08:12:18.963164+00:00	2026-05-14T08:12:18.963164+00:00	2026-05-14T08:12:18.963164+00:00	candidate benchmark shell; manually extract metric/rank/score/protocol before ingest	1	has DOI; has source URL; contains non-preprint version	26.0000
CAND_BMK_SoupX_c12cc1dfca3c	BMKWG_CAND_BMK_SoupX_c12cc1dfca3c	true		benchmark	CAND_PUB_SoupX_c50450bf8b43	Supplemental Information 12: scRNA-Seq Pipeline Evaluation.		unknown			scRNA-seq							SoupX	SoupX	unknown													Supplemental Information 12: scRNA-Seq Pipeline Evaluation.	10.7717/peerj.10469/supp-12		https://doi.org/10.7717/peerj.10469/supp-12	crossref		Supplemental Information 12: scRNA-Seq Pipeline Evaluation.					crossref_api_candidate_search	0.400	review_needed	pending			v0.1	2026-05-14T08:12:18.963164+00:00	2026-05-14T08:12:18.963164+00:00	2026-05-14T08:12:18.963164+00:00	candidate benchmark shell; manually extract metric/rank/score/protocol before ingest	1	has DOI; has source URL; contains non-preprint version	16.0000
CAND_BMK_SpaOTsc_0f5eb6a29751	BMKWG_CAND_BMK_SpaOTsc_0f5eb6a29751	true		benchmark	CAND_PUB_SpaOTsc_c50450bf8b43	Supplemental Information 12: scRNA-Seq Pipeline Evaluation.		unknown			scRNA-seq							SpaOTsc	SpaOTsc	unknown													Supplemental Information 12: scRNA-Seq Pipeline Evaluation.	10.7717/peerj.10469/supp-12		https://doi.org/10.7717/peerj.10469/supp-12	crossref		Supplemental Information 12: scRNA-Seq Pipeline Evaluation.					crossref_api_candidate_search	0.400	review_needed	pending			v0.1	2026-05-14T08:12:18.963164+00:00	2026-05-14T08:12:18.963164+00:00	2026-05-14T08:12:18.963164+00:00	candidate benchmark shell; manually extract metric/rank/score/protocol before ingest	1	has DOI; has source URL; contains non-preprint version	16.0000
CAND_BMK_SpatialScope_ddf0e9dd4646	BMKWG_CAND_BMK_SpatialScope_ddf0e9dd4646	true		benchmark	CAND_PUB_SpatialScope_c50450bf8b43	Supplemental Information 12: scRNA-Seq Pipeline Evaluation.		unknown			scRNA-seq							SpatialScope	SpatialScope	unknown													Supplemental Information 12: scRNA-Seq Pipeline Evaluation.	10.7717/peerj.10469/supp-12		https://doi.org/10.7717/peerj.10469/supp-12	crossref		Supplemental Information 12: scRNA-Seq Pipeline Evaluation.					crossref_api_candidate_search	0.400	review_needed	pending			v0.1	2026-05-14T08:12:18.963164+00:00	2026-05-14T08:12:18.963164+00:00	2026-05-14T08:12:18.963164+00:00	candidate benchmark shell; manually extract metric/rank/score/protocol before ingest	1	has DOI; has source URL; contains non-preprint version	16.0000
CAND_BMK_SuperCell_843765f454a0	BMKWG_CAND_BMK_SuperCell_843765f454a0	true		benchmark	CAND_PUB_SuperCell_c50450bf8b43	Supplemental Information 12: scRNA-Seq Pipeline Evaluation.		unknown			scRNA-seq							SuperCell	SuperCell	unknown													Supplemental Information 12: scRNA-Seq Pipeline Evaluation.	10.7717/peerj.10469/supp-12		https://doi.org/10.7717/peerj.10469/supp-12	crossref		Supplemental Information 12: scRNA-Seq Pipeline Evaluation.					crossref_api_candidate_search	0.400	review_needed	pending			v0.1	2026-05-14T08:12:18.963164+00:00	2026-05-14T08:12:18.963164+00:00	2026-05-14T08:12:18.963164+00:00	candidate benchmark shell; manually extract metric/rank/score/protocol before ingest	1	has DOI; has source URL; contains non-preprint version	16.0000
CAND_BMK_UCE_f2a240f8f633	BMKWG_CAND_BMK_UCE_f2a240f8f633	true		benchmark	CAND_PUB_UCE_c50450bf8b43	Supplemental Information 12: scRNA-Seq Pipeline Evaluation.		unknown			scRNA-seq							UCE	UCE	unknown													Supplemental Information 12: scRNA-Seq Pipeline Evaluation.	10.7717/peerj.10469/supp-12		https://doi.org/10.7717/peerj.10469/supp-12	crossref		Supplemental Information 12: scRNA-Seq Pipeline Evaluation.					crossref_api_candidate_search	0.400	review_needed	pending			v0.1	2026-05-14T08:12:18.963164+00:00	2026-05-14T08:12:18.963164+00:00	2026-05-14T08:12:18.963164+00:00	candidate benchmark shell; manually extract metric/rank/score/protocol before ingest	1	has DOI; has source URL; contains non-preprint version	16.0000
CAND_BMK_cell2location_e4e96ebeb6a5	BMKWG_CAND_BMK_cell2location_e4e96ebeb6a5	true		benchmark	CAND_PUB_cell2location_c50450bf8b43	Supplemental Information 12: scRNA-Seq Pipeline Evaluation.		unknown			scRNA-seq							cell2location	cell2location	unknown													Supplemental Information 12: scRNA-Seq Pipeline Evaluation.	10.7717/peerj.10469/supp-12		https://doi.org/10.7717/peerj.10469/supp-12	crossref		Supplemental Information 12: scRNA-Seq Pipeline Evaluation.					crossref_api_candidate_search	0.400	review_needed	pending			v0.1	2026-05-14T08:12:18.963164+00:00	2026-05-14T08:12:18.963164+00:00	2026-05-14T08:12:18.963164+00:00	candidate benchmark shell; manually extract metric/rank/score/protocol before ingest	1	has DOI; has source URL; contains non-preprint version	16.0000
CAND_BMK_cellpypes_0422d69d409e	BMKWG_CAND_BMK_cellpypes_0422d69d409e	true		benchmark	CAND_PUB_cellpypes_c50450bf8b43	Supplemental Information 12: scRNA-Seq Pipeline Evaluation.		unknown			scRNA-seq							cellpypes	cellpypes	unknown													Supplemental Information 12: scRNA-Seq Pipeline Evaluation.	10.7717/peerj.10469/supp-12		https://doi.org/10.7717/peerj.10469/supp-12	crossref		Supplemental Information 12: scRNA-Seq Pipeline Evaluation.					crossref_api_candidate_search	0.400	review_needed	pending			v0.1	2026-05-14T08:12:18.963164+00:00	2026-05-14T08:12:18.963164+00:00	2026-05-14T08:12:18.963164+00:00	candidate benchmark shell; manually extract metric/rank/score/protocol before ingest	1	has DOI; has source URL; contains non-preprint version	16.0000
CAND_BMK_cellpypes_2c4e33c02dee	BMKWG_CAND_BMK_cellpypes_2c4e33c02dee	true		benchmark	CAND_PUB_cellpypes_dd33d02fb190	Comparative analysis of annotation tools in grouping cell types from single-cell RNA sequencing data		Cell Type Annotation	Cell Type Annotation		scRNA-seq							cellpypes	cellpypes	annotation													Comparative analysis of annotation tools in grouping cell types from single-cell RNA sequencing data	10.7490/f1000research.1119684.1		https://doi.org/10.7490/f1000research.1119684.1	crossref		Comparative analysis of annotation tools in grouping cell types from single-cell RNA sequencing data					crossref_api_candidate_search	0.400	review_needed	pending			v0.1	2026-05-14T08:12:18.963164+00:00	2026-05-14T08:12:18.963164+00:00	2026-05-14T08:12:18.963164+00:00	candidate benchmark shell; manually extract metric/rank/score/protocol before ingest	1	has DOI; has source URL; contains non-preprint version	41.0000
CAND_BMK_cellstates_7116cac4eec7	BMKWG_CAND_BMK_cellstates_7116cac4eec7	true		benchmark	CAND_PUB_cellstates_c50450bf8b43	Supplemental Information 12: scRNA-Seq Pipeline Evaluation.		unknown			scRNA-seq							cellstates	cellstates	unknown													Supplemental Information 12: scRNA-Seq Pipeline Evaluation.	10.7717/peerj.10469/supp-12		https://doi.org/10.7717/peerj.10469/supp-12	crossref		Supplemental Information 12: scRNA-Seq Pipeline Evaluation.					crossref_api_candidate_search	0.400	review_needed	pending			v0.1	2026-05-14T08:12:18.963164+00:00	2026-05-14T08:12:18.963164+00:00	2026-05-14T08:12:18.963164+00:00	candidate benchmark shell; manually extract metric/rank/score/protocol before ingest	1	has DOI; has source URL; contains non-preprint version	16.0000
CAND_BMK_dpi_851a26061776	BMKWG_CAND_BMK_dpi_851a26061776	true		benchmark	CAND_PUB_dpi_c50450bf8b43	Supplemental Information 12: scRNA-Seq Pipeline Evaluation.		unknown			scRNA-seq							dpi	dpi	unknown													Supplemental Information 12: scRNA-Seq Pipeline Evaluation.	10.7717/peerj.10469/supp-12		https://doi.org/10.7717/peerj.10469/supp-12	crossref		Supplemental Information 12: scRNA-Seq Pipeline Evaluation.					crossref_api_candidate_search	0.400	review_needed	pending			v0.1	2026-05-14T08:12:18.963164+00:00	2026-05-14T08:12:18.963164+00:00	2026-05-14T08:12:18.963164+00:00	candidate benchmark shell; manually extract metric/rank/score/protocol before ingest	1	has DOI; has source URL; contains non-preprint version	16.0000
CAND_BMK_moscot_e5f5df2afd6c	BMKWG_CAND_BMK_moscot_e5f5df2afd6c	true		benchmark	CAND_PUB_moscot_c50450bf8b43	Supplemental Information 12: scRNA-Seq Pipeline Evaluation.		unknown			scRNA-seq							moscot	moscot	unknown													Supplemental Information 12: scRNA-Seq Pipeline Evaluation.	10.7717/peerj.10469/supp-12		https://doi.org/10.7717/peerj.10469/supp-12	crossref		Supplemental Information 12: scRNA-Seq Pipeline Evaluation.					crossref_api_candidate_search	0.400	review_needed	pending			v0.1	2026-05-14T08:12:18.963164+00:00	2026-05-14T08:12:18.963164+00:00	2026-05-14T08:12:18.963164+00:00	candidate benchmark shell; manually extract metric/rank/score/protocol before ingest	1	has DOI; has source URL; contains non-preprint version	16.0000
CAND_BMK_nicheformer_63c790be5161	BMKWG_CAND_BMK_nicheformer_63c790be5161	true		benchmark	CAND_PUB_nicheformer_c50450bf8b43	Supplemental Information 12: scRNA-Seq Pipeline Evaluation.		unknown			scRNA-seq							nicheformer	nicheformer	unknown													Supplemental Information 12: scRNA-Seq Pipeline Evaluation.	10.7717/peerj.10469/supp-12		https://doi.org/10.7717/peerj.10469/supp-12	crossref		Supplemental Information 12: scRNA-Seq Pipeline Evaluation.					crossref_api_candidate_search	0.400	review_needed	pending			v0.1	2026-05-14T08:12:18.963164+00:00	2026-05-14T08:12:18.963164+00:00	2026-05-14T08:12:18.963164+00:00	candidate benchmark shell; manually extract metric/rank/score/protocol before ingest	1	has DOI; has source URL; contains non-preprint version	16.0000
CAND_BMK_scCancer2_c82fb08ca20f	BMKWG_CAND_BMK_scCancer2_c82fb08ca20f	true		benchmark	CAND_PUB_scCancer2_c50450bf8b43	Supplemental Information 12: scRNA-Seq Pipeline Evaluation.		unknown			scRNA-seq							scCancer2	scCancer2	unknown													Supplemental Information 12: scRNA-Seq Pipeline Evaluation.	10.7717/peerj.10469/supp-12		https://doi.org/10.7717/peerj.10469/supp-12	crossref		Supplemental Information 12: scRNA-Seq Pipeline Evaluation.					crossref_api_candidate_search	0.400	review_needed	pending			v0.1	2026-05-14T08:12:18.963164+00:00	2026-05-14T08:12:18.963164+00:00	2026-05-14T08:12:18.963164+00:00	candidate benchmark shell; manually extract metric/rank/score/protocol before ingest	1	has DOI; has source URL; contains non-preprint version	16.0000
CAND_BMK_scDataviz_627425b55a9f	BMKWG_CAND_BMK_scDataviz_627425b55a9f	true		benchmark	CAND_PUB_scDataviz_c50450bf8b43	Supplemental Information 12: scRNA-Seq Pipeline Evaluation.		unknown			scRNA-seq							scDataviz	scDataviz	unknown													Supplemental Information 12: scRNA-Seq Pipeline Evaluation.	10.7717/peerj.10469/supp-12		https://doi.org/10.7717/peerj.10469/supp-12	crossref		Supplemental Information 12: scRNA-Seq Pipeline Evaluation.					crossref_api_candidate_search	0.400	review_needed	pending			v0.1	2026-05-14T08:12:18.963164+00:00	2026-05-14T08:12:18.963164+00:00	2026-05-14T08:12:18.963164+00:00	candidate benchmark shell; manually extract metric/rank/score/protocol before ingest	1	has DOI; has source URL; contains non-preprint version	16.0000
CAND_BMK_scGPT_2be8c9bd7b49	BMKWG_CAND_BMK_scGPT_2be8c9bd7b49	true		benchmark	CAND_PUB_scGPT_64445d6b061c	Sparse autoencoders reveal organized biological knowledge but minimal regulatory logic in single-cell foundation models: a comparative atlas of Geneformer and scGPT		unknown										scGPT	scGPT	unknown													Sparse autoencoders reveal organized biological knowledge but minimal regulatory logic in single-cell foundation models: a comparative atlas of Geneformer and scGPT	10.21203/rs.3.rs-9082479/v1		https://doi.org/10.21203/rs.3.rs-9082479/v1	crossref		Sparse autoencoders reveal organized biological knowledge but minimal regulatory logic in single-cell foundation models: a comparative atlas of Geneformer and scGPT					crossref_api_candidate_search	0.400	review_needed	pending			v0.1	2026-05-14T08:12:18.963164+00:00	2026-05-14T08:12:18.963164+00:00	2026-05-14T08:12:18.963164+00:00	candidate benchmark shell; manually extract metric/rank/score/protocol before ingest	1	has DOI; has source URL; contains non-preprint version	26.0000
CAND_BMK_scGPT_3eb2c5867fa6	BMKWG_CAND_BMK_scGPT_3eb2c5867fa6	true		benchmark	CAND_PUB_scGPT_c50450bf8b43	Supplemental Information 12: scRNA-Seq Pipeline Evaluation.		unknown			scRNA-seq							scGPT	scGPT	unknown													Supplemental Information 12: scRNA-Seq Pipeline Evaluation.	10.7717/peerj.10469/supp-12		https://doi.org/10.7717/peerj.10469/supp-12	crossref		Supplemental Information 12: scRNA-Seq Pipeline Evaluation.					crossref_api_candidate_search	0.400	review_needed	pending			v0.1	2026-05-14T08:12:18.963164+00:00	2026-05-14T08:12:18.963164+00:00	2026-05-14T08:12:18.963164+00:00	candidate benchmark shell; manually extract metric/rank/score/protocol before ingest	1	has DOI; has source URL; contains non-preprint version	16.0000
CAND_BMK_scGate_e785fb5d2429	BMKWG_CAND_BMK_scGate_e785fb5d2429	true		benchmark	CAND_PUB_scGate_c50450bf8b43	Supplemental Information 12: scRNA-Seq Pipeline Evaluation.		unknown			scRNA-seq							scGate	scGate	unknown													Supplemental Information 12: scRNA-Seq Pipeline Evaluation.	10.7717/peerj.10469/supp-12		https://doi.org/10.7717/peerj.10469/supp-12	crossref		Supplemental Information 12: scRNA-Seq Pipeline Evaluation.					crossref_api_candidate_search	0.400	review_needed	pending			v0.1	2026-05-14T08:12:18.963164+00:00	2026-05-14T08:12:18.963164+00:00	2026-05-14T08:12:18.963164+00:00	candidate benchmark shell; manually extract metric/rank/score/protocol before ingest	1	has DOI; has source URL; contains non-preprint version	16.0000
CAND_BMK_scIB_0e8cc82da19d	BMKWG_CAND_BMK_scIB_0e8cc82da19d	true		benchmark	CAND_PUB_scIB_c50450bf8b43	Supplemental Information 12: scRNA-Seq Pipeline Evaluation.		unknown			scRNA-seq							scIB	scIB	unknown													Supplemental Information 12: scRNA-Seq Pipeline Evaluation.	10.7717/peerj.10469/supp-12		https://doi.org/10.7717/peerj.10469/supp-12	crossref		Supplemental Information 12: scRNA-Seq Pipeline Evaluation.					crossref_api_candidate_search	0.400	review_needed	pending			v0.1	2026-05-14T08:12:18.963164+00:00	2026-05-14T08:12:18.963164+00:00	2026-05-14T08:12:18.963164+00:00	candidate benchmark shell; manually extract metric/rank/score/protocol before ingest	1	has DOI; has source URL; contains non-preprint version	16.0000
CAND_BMK_scIB_6dd4e590c4ed	BMKWG_CAND_BMK_scIB_6dd4e590c4ed	true		benchmark	CAND_PUB_scIB_1ab9c5a2e980	Benchmarking imputation methods for network inference using a novel method of synthetic scRNA-seq data generation		unknown			scRNA-seq							scIB	scIB	unknown													Benchmarking imputation methods for network inference using a novel method of synthetic scRNA-seq data generation	10.1101/2021.10.13.464275		https://doi.org/10.1101/2021.10.13.464275	crossref		Benchmarking imputation methods for network inference using a novel method of synthetic scRNA-seq data generation					crossref_api_candidate_search	0.400	review_needed	pending			v0.1	2026-05-14T08:12:18.963164+00:00	2026-05-14T08:12:18.963164+00:00	2026-05-14T08:12:18.963164+00:00	candidate benchmark shell; manually extract metric/rank/score/protocol before ingest	1	has DOI; has source URL; contains preprint version	26.0000
CAND_BMK_scMCA_a0e4b4e4e9aa	BMKWG_CAND_BMK_scMCA_a0e4b4e4e9aa	true		benchmark	CAND_PUB_scMCA_c50450bf8b43	Supplemental Information 12: scRNA-Seq Pipeline Evaluation.		unknown			scRNA-seq							scMCA	scMCA	unknown													Supplemental Information 12: scRNA-Seq Pipeline Evaluation.	10.7717/peerj.10469/supp-12		https://doi.org/10.7717/peerj.10469/supp-12	crossref		Supplemental Information 12: scRNA-Seq Pipeline Evaluation.					crossref_api_candidate_search	0.400	review_needed	pending			v0.1	2026-05-14T08:12:18.963164+00:00	2026-05-14T08:12:18.963164+00:00	2026-05-14T08:12:18.963164+00:00	candidate benchmark shell; manually extract metric/rank/score/protocol before ingest	1	has DOI; has source URL; contains non-preprint version	16.0000
CAND_BMK_scMDC_c7a7a8eda339	BMKWG_CAND_BMK_scMDC_c7a7a8eda339	true		benchmark	CAND_PUB_scMDC_c50450bf8b43	Supplemental Information 12: scRNA-Seq Pipeline Evaluation.		unknown			scRNA-seq							scMDC	scMDC	unknown													Supplemental Information 12: scRNA-Seq Pipeline Evaluation.	10.7717/peerj.10469/supp-12		https://doi.org/10.7717/peerj.10469/supp-12	crossref		Supplemental Information 12: scRNA-Seq Pipeline Evaluation.					crossref_api_candidate_search	0.400	review_needed	pending			v0.1	2026-05-14T08:12:18.963164+00:00	2026-05-14T08:12:18.963164+00:00	2026-05-14T08:12:18.963164+00:00	candidate benchmark shell; manually extract metric/rank/score/protocol before ingest	1	has DOI; has source URL; contains non-preprint version	16.0000
CAND_BMK_scVelo_03c97f0f8eee	BMKWG_CAND_BMK_scVelo_03c97f0f8eee	true		benchmark	CAND_PUB_scVelo_575f389a4269	Causal single-cell RNA-seq simulation, in silico perturbation, and GRN inference benchmarking using GRouNdGAN-Toolkit		unknown			scRNA-seq							scVelo	scVelo	unknown													Causal single-cell RNA-seq simulation, in silico perturbation, and GRN inference benchmarking using GRouNdGAN-Toolkit	10.1101/2025.08.14.670294		https://doi.org/10.1101/2025.08.14.670294	crossref		Causal single-cell RNA-seq simulation, in silico perturbation, and GRN inference benchmarking using GRouNdGAN-Toolkit					crossref_api_candidate_search	0.400	review_needed	pending			v0.1	2026-05-14T08:12:18.963164+00:00	2026-05-14T08:12:18.963164+00:00	2026-05-14T08:12:18.963164+00:00	candidate benchmark shell; manually extract metric/rank/score/protocol before ingest	1	has DOI; has source URL; contains preprint version	26.0000
CAND_BMK_scVelo_8ec0c0b43ef8	BMKWG_CAND_BMK_scVelo_8ec0c0b43ef8	true		benchmark	CAND_PUB_scVelo_c50450bf8b43	Supplemental Information 12: scRNA-Seq Pipeline Evaluation.		unknown			scRNA-seq							scVelo	scVelo	unknown													Supplemental Information 12: scRNA-Seq Pipeline Evaluation.	10.7717/peerj.10469/supp-12		https://doi.org/10.7717/peerj.10469/supp-12	crossref		Supplemental Information 12: scRNA-Seq Pipeline Evaluation.					crossref_api_candidate_search	0.400	review_needed	pending			v0.1	2026-05-14T08:12:18.963164+00:00	2026-05-14T08:12:18.963164+00:00	2026-05-14T08:12:18.963164+00:00	candidate benchmark shell; manually extract metric/rank/score/protocol before ingest	1	has DOI; has source URL; contains non-preprint version	16.0000
CAND_BMK_scvi-tools_5bd1c20780dd	BMKWG_CAND_BMK_scvi-tools_5bd1c20780dd	true		benchmark	CAND_PUB_scvi-tools_c50450bf8b43	Supplemental Information 12: scRNA-Seq Pipeline Evaluation.		unknown			scRNA-seq							scvi-tools	scVI;scvi;scvi-tools	unknown													Supplemental Information 12: scRNA-Seq Pipeline Evaluation.	10.7717/peerj.10469/supp-12		https://doi.org/10.7717/peerj.10469/supp-12	crossref		Supplemental Information 12: scRNA-Seq Pipeline Evaluation.					crossref_api_candidate_search	0.400	review_needed	pending			v0.1	2026-05-14T08:12:18.963164+00:00	2026-05-14T08:12:18.963164+00:00	2026-05-14T08:12:18.963164+00:00	candidate benchmark shell; manually extract metric/rank/score/protocol before ingest	1	has DOI; has source URL; contains non-preprint version	16.0000
CAND_BMK_sfaira_8aa518f8141c	BMKWG_CAND_BMK_sfaira_8aa518f8141c	true		benchmark	CAND_PUB_sfaira_c50450bf8b43	Supplemental Information 12: scRNA-Seq Pipeline Evaluation.		unknown			scRNA-seq							sfaira	sfaira	unknown													Supplemental Information 12: scRNA-Seq Pipeline Evaluation.	10.7717/peerj.10469/supp-12		https://doi.org/10.7717/peerj.10469/supp-12	crossref		Supplemental Information 12: scRNA-Seq Pipeline Evaluation.					crossref_api_candidate_search	0.400	review_needed	pending			v0.1	2026-05-14T08:12:18.963164+00:00	2026-05-14T08:12:18.963164+00:00	2026-05-14T08:12:18.963164+00:00	candidate benchmark shell; manually extract metric/rank/score/protocol before ingest	1	has DOI; has source URL; contains non-preprint version	16.0000
CAND_BMK_tradeSeq_15dbb046dc4c	BMKWG_CAND_BMK_tradeSeq_15dbb046dc4c	true		benchmark	CAND_PUB_tradeSeq_c50450bf8b43	Supplemental Information 12: scRNA-Seq Pipeline Evaluation.		unknown			scRNA-seq							tradeSeq	tradeSeq	unknown													Supplemental Information 12: scRNA-Seq Pipeline Evaluation.	10.7717/peerj.10469/supp-12		https://doi.org/10.7717/peerj.10469/supp-12	crossref		Supplemental Information 12: scRNA-Seq Pipeline Evaluation.					crossref_api_candidate_search	0.400	review_needed	pending			v0.1	2026-05-14T08:12:18.963164+00:00	2026-05-14T08:12:18.963164+00:00	2026-05-14T08:12:18.963164+00:00	candidate benchmark shell; manually extract metric/rank/score/protocol before ingest	1	has DOI; has source URL; contains non-preprint version	16.0000
CAND_BMK_velociraptor_81188c2cc3b2	BMKWG_CAND_BMK_velociraptor_81188c2cc3b2	true		benchmark	CAND_PUB_velociraptor_c50450bf8b43	Supplemental Information 12: scRNA-Seq Pipeline Evaluation.		unknown			scRNA-seq							velociraptor	velociraptor	unknown													Supplemental Information 12: scRNA-Seq Pipeline Evaluation.	10.7717/peerj.10469/supp-12		https://doi.org/10.7717/peerj.10469/supp-12	crossref		Supplemental Information 12: scRNA-Seq Pipeline Evaluation.					crossref_api_candidate_search	0.400	review_needed	pending			v0.1	2026-05-14T08:12:18.963164+00:00	2026-05-14T08:12:18.963164+00:00	2026-05-14T08:12:18.963164+00:00	candidate benchmark shell; manually extract metric/rank/score/protocol before ingest	1	has DOI; has source URL; contains non-preprint version	16.0000
CAND_BMK_wot_d0f80a6bd763	BMKWG_CAND_BMK_wot_d0f80a6bd763	true		benchmark	CAND_PUB_wot_c50450bf8b43	Supplemental Information 12: scRNA-Seq Pipeline Evaluation.		unknown			scRNA-seq							wot	wot	unknown													Supplemental Information 12: scRNA-Seq Pipeline Evaluation.	10.7717/peerj.10469/supp-12		https://doi.org/10.7717/peerj.10469/supp-12	crossref		Supplemental Information 12: scRNA-Seq Pipeline Evaluation.					crossref_api_candidate_search	0.400	review_needed	pending			v0.1	2026-05-14T08:12:18.963164+00:00	2026-05-14T08:12:18.963164+00:00	2026-05-14T08:12:18.963164+00:00	candidate benchmark shell; manually extract metric/rank/score/protocol before ingest	1	has DOI; has source URL; contains non-preprint version	16.0000
