priority_tier	tool_name	publication_id	work_group_id	canonical_flag	duplicate_of	title	authors	doi	publication_year	venue	paper_type	evidence_role	confidence	citations	source_url	review_action	suggested_decision	risk_notes	missing_fields	record_type	review_status	trust_level	recommended_review_status	recommended_trust_level	validation_notes	group_size	group_reason	source_type	paper_url	pmid	arxiv_id
P0	scvi-tools	CAND_PUB_scvi-tools_e983ebf1014d	PUBWG_CAND_PUB_scvi-tools_e983ebf1014d	true		Scvi-hub: an actionable repository for model-driven single-cell analysis	Can Ergen;Valeh Valiollah Pour Amiri;Martin Kim;Ori Kronfeld;Aaron Streets;Adam Gayoso;Nir Yosef	10.1038/s41592-025-02799-9	2025	Nature Methods	application_paper	application_evidence	0.650	3	https://doi.org/10.1038/s41592-025-02799-9	prioritize_review	priority_review	candidate_only; requires_human_review_before_formal_ingest; duplicate_group_requires_manual_review; canonical_suggestion_not_verified; supporting_record_type:application_paper; distinct DOIs; title similarity max=1.00; author overlap max=1.00; contains preprint version; contains non-preprint version; canonical candidate; group_size=2; distinct DOIs; title similarity max=1.00; author overlap max=1.00; contains preprint version; contains non-preprint version; supporting_record_type:application; supporting_paper_type:application_paper; manual_override:prioritize_review; manual_override_reason:priority candidate; must be deduplicated against preprint version before formal ingest.		application	pending	review_needed	review_needed	review_needed	candidate_only; duplicate_group_requires_manual_review; canonical_suggestion_not_verified; supporting_record_type:application_paper	2	distinct DOIs; title similarity max=1.00; author overlap max=1.00; contains preprint version; contains non-preprint version	crossref	https://doi.org/10.1038/s41592-025-02799-9		
P0	scvi-tools	CAND_PUB_scvi-tools_0214cd4cc2d8	PUBWG_CAND_PUB_scvi-tools_0214cd4cc2d8	true		scvi-tools: a library for deep probabilistic analysis of single-cell omics data	Adam Gayoso;Romain Lopez;Galen Xing;Pierre Boyeau;Katherine Wu;Michael Jayasuriya;Edouard Melhman;Maxime Langevin;Yining Liu;Jules Samaran;Gabriel Misrachi;Achille Nazaret;Oscar Clivio;Chenling Xu;Tal Ashuach;Mohammad Lotfollahi;Valentine Svensson;Eduardo da Veiga Beltrame;Carlos Talavera-López;Lior Pachter;Fabian J. Theis;Aaron Streets;Michael I. Jordan;Jeffrey Regier;Nir Yosef	10.1101/2021.04.28.441833	2021		method_paper	primary_method_reference	0.950	61	https://doi.org/10.1101/2021.04.28.441833	review_needed:review_needed	keep_candidate	candidate_only; requires_human_review_before_formal_ingest; canonical_suggestion_not_verified; preprint_or_preprint_like_source; has DOI; contains preprint version; canonical candidate; group_size=1; has DOI; contains preprint version		publication	pending	review_needed	review_needed	review_needed	candidate_only; canonical_suggestion_not_verified; preprint_or_preprint_like_source	1	has DOI; contains preprint version	crossref	https://doi.org/10.1101/2021.04.28.441833		
P0	scvi-tools	CAND_PUB_scvi-tools_b2bdf72116bf	PUBWG_CAND_PUB_scvi-tools_b2bdf72116bf	true		Normalization and de-noising of single-cell Hi-C data with BandNorm and scVI-3D	Ye Zheng;Siqi Shen;Sündüz Keleş	10.1186/s13059-022-02774-z	2022	Genome Biology	application_paper	application_evidence	0.550	41	https://doi.org/10.1186/s13059-022-02774-z	review_needed:review_needed	keep_candidate	candidate_only; requires_human_review_before_formal_ingest; canonical_suggestion_not_verified; supporting_record_type:application_paper; has DOI; contains non-preprint version; canonical candidate; group_size=1; has DOI; contains non-preprint version; supporting_record_type:application; supporting_paper_type:application_paper		application	pending	review_needed	review_needed	review_needed	candidate_only; canonical_suggestion_not_verified; supporting_record_type:application_paper	1	has DOI; contains non-preprint version	crossref	https://doi.org/10.1186/s13059-022-02774-z		
P0	scvi-tools	CAND_PUB_scvi-tools_06f87e54c475	PUBWG_CAND_PUB_scvi-tools_06f87e54c475	true		Improving SCVI for low-count cells through self-supervised augmentation	Valentine Svensson	10.64898/2026.02.11.705441	2026		application_paper	application_evidence	0.650	0	https://doi.org/10.64898/2026.02.11.705441	review_needed:review_needed	keep_candidate	candidate_only; requires_human_review_before_formal_ingest; canonical_suggestion_not_verified; supporting_record_type:application_paper; has DOI; contains non-preprint version; canonical candidate; group_size=1; has DOI; contains non-preprint version; preprint_or_preprint_like_source; supporting_record_type:application; supporting_paper_type:application_paper		application	pending	review_needed	review_needed	review_needed	candidate_only; canonical_suggestion_not_verified; supporting_record_type:application_paper	1	has DOI; contains non-preprint version	crossref	https://doi.org/10.64898/2026.02.11.705441		
P0	scvi-tools	CAND_PUB_scvi-tools_a9c3e64c6338	PUBWG_CAND_PUB_scvi-tools_e983ebf1014d	false	CAND_PUB_scvi-tools_e983ebf1014d	Scvi-hub: an actionable repository for model-driven single cell analysis	Can Ergen;Valeh Valiollah Pour Amiri;Martin Kim;Aaron Streets;Adam Gayoso;Nir Yosef	10.1101/2024.03.01.582887	2024		application_paper	application_evidence	0.500	6	https://doi.org/10.1101/2024.03.01.582887	mark_duplicate	likely_duplicate	candidate_only; requires_human_review_before_formal_ingest; duplicate_group_requires_manual_review; duplicate_suggestion_not_verified; preprint_or_preprint_like_source; supporting_record_type:application_paper; distinct DOIs; title similarity max=1.00; author overlap max=1.00; contains preprint version; contains non-preprint version; duplicate candidate; group_size=2; distinct DOIs; title similarity max=1.00; author overlap max=1.00; contains preprint version; contains non-preprint version; duplicate_or_noncanonical_candidate; supporting_record_type:application; supporting_paper_type:application_paper; manual_override:mark_duplicate; manual_override_reason:preprint version; do not count separately from canonical journal version.		application	pending	review_needed	review_needed	retrieval_only	candidate_only; duplicate_group_requires_manual_review; duplicate_suggestion_not_verified; preprint_or_preprint_like_source; supporting_record_type:application_paper	2	distinct DOIs; title similarity max=1.00; author overlap max=1.00; contains preprint version; contains non-preprint version	crossref	https://doi.org/10.1101/2024.03.01.582887		
P0	CellPLM	CAND_PUB_CellPLM_a0805df33b05	PUBWG_CAND_PUB_CellPLM_a0805df33b05	true		CellPLM: Pre-training of Cell Language Model Beyond Single Cells	Hongzhi Wen;Wenzhuo Tang;Xinnan Dai;Jiayuan Ding;Wei Jin;Yuying Xie;Jiliang Tang	10.1101/2023.10.03.560734	2023		method_paper	primary_method_reference	0.850	62	https://doi.org/10.1101/2023.10.03.560734	review_needed:review_needed	keep_candidate	candidate_only; requires_human_review_before_formal_ingest; canonical_suggestion_not_verified; preprint_or_preprint_like_source; has DOI; contains preprint version; canonical candidate; group_size=1; has DOI; contains preprint version		publication	pending	review_needed	review_needed	review_needed	candidate_only; canonical_suggestion_not_verified; preprint_or_preprint_like_source	1	has DOI; contains preprint version	crossref	https://doi.org/10.1101/2023.10.03.560734		
P0	CellPLM	CAND_PUB_CellPLM_fd35b2a2133f	PUBWG_CAND_PUB_CellPLM_fd35b2a2133f	true		A pre-trained large generative model for translating single-cell transcriptome to proteome	Linjing Liu;Wei Li;Ka-Chun Wong;Fan Yang;Jianhua Yao	10.1101/2023.07.04.547619	2023		application_paper	application_evidence	0.400	7	https://doi.org/10.1101/2023.07.04.547619	review_needed:review_needed	keep_candidate	candidate_only; requires_human_review_before_formal_ingest; canonical_suggestion_not_verified; preprint_or_preprint_like_source; supporting_record_type:application_paper; has DOI; contains preprint version; canonical candidate; group_size=1; has DOI; contains preprint version; supporting_record_type:application; supporting_paper_type:application_paper; weak_title_tool_alignment		application	pending	review_needed	review_needed	review_needed	candidate_only; canonical_suggestion_not_verified; preprint_or_preprint_like_source; supporting_record_type:application_paper	1	has DOI; contains preprint version	crossref	https://doi.org/10.1101/2023.07.04.547619		
P0	SeuratExtend	CAND_PUB_SeuratExtend_c1e2e7efeed4	PUBWG_CAND_PUB_SeuratExtend_c1e2e7efeed4	true		SeuratExtend: streamlining single-cell RNA-seq analysis through an integrated and intuitive framework	Yichao Hua;Linqian Weng;Fang Zhao;Florian Rambow	10.1093/gigascience/giaf076	2025	GigaScience	method_paper	primary_method_reference	0.850	28	https://doi.org/10.1093/gigascience/giaf076	review_needed:review_needed	priority_review	candidate_only; requires_human_review_before_formal_ingest; duplicate_group_requires_manual_review; canonical_suggestion_not_verified; distinct DOIs; title similarity max=1.00; author overlap max=1.00; contains preprint version; contains non-preprint version; canonical candidate; group_size=2; distinct DOIs; title similarity max=1.00; author overlap max=1.00; contains preprint version; contains non-preprint version		publication	pending	review_needed	review_needed	review_needed	candidate_only; duplicate_group_requires_manual_review; canonical_suggestion_not_verified	2	distinct DOIs; title similarity max=1.00; author overlap max=1.00; contains preprint version; contains non-preprint version	crossref	https://doi.org/10.1093/gigascience/giaf076		
P0	SeuratExtend	CAND_PUB_SeuratExtend_8a7332b5c9af	PUBWG_CAND_PUB_SeuratExtend_c1e2e7efeed4	false	CAND_PUB_SeuratExtend_c1e2e7efeed4	SeuratExtend: Streamlining Single-Cell RNA-Seq Analysis Through an Integrated and Intuitive Framework	Yichao Hua;Linqian Weng;Fang Zhao;Florian Rambow	10.1101/2024.08.01.606144	2024		method_paper	primary_method_reference	0.850	14	https://doi.org/10.1101/2024.08.01.606144	review_needed:retrieval_only	likely_duplicate	candidate_only; requires_human_review_before_formal_ingest; duplicate_group_requires_manual_review; duplicate_suggestion_not_verified; preprint_or_preprint_like_source; distinct DOIs; title similarity max=1.00; author overlap max=1.00; contains preprint version; contains non-preprint version; duplicate candidate; group_size=2; distinct DOIs; title similarity max=1.00; author overlap max=1.00; contains preprint version; contains non-preprint version; duplicate_or_noncanonical_candidate		publication	pending	review_needed	review_needed	retrieval_only	candidate_only; duplicate_group_requires_manual_review; duplicate_suggestion_not_verified; preprint_or_preprint_like_source	2	distinct DOIs; title similarity max=1.00; author overlap max=1.00; contains preprint version; contains non-preprint version	crossref	https://doi.org/10.1101/2024.08.01.606144		
P0	moscot	CAND_PUB_moscot_2f5c815e18fd	PUBWG_CAND_PUB_moscot_2f5c815e18fd	true		Mapping cells through time and space with moscot	Dominik Klein;Giovanni Palla;Marius Lange;Michal Klein;Zoe Piran;Manuel Gander;Laetitia Meng-Papaxanthos;Michael Sterr;Lama Saber;Changying Jing;Aimée Bastidas-Ponce;Perla Cota;Marta Tarquis-Medina;Shrey Parikh;Ilan Gold;Heiko Lickert;Mostafa Bakhti;Mor Nitzan;Marco Cuturi;Fabian J. Theis	10.1038/s41586-024-08453-2	2025	Nature	method_paper	primary_method_reference	0.850	116	https://doi.org/10.1038/s41586-024-08453-2	review_needed:review_needed	priority_review	candidate_only; requires_human_review_before_formal_ingest; duplicate_group_requires_manual_review; canonical_suggestion_not_verified; distinct DOIs; title similarity max=1.00; author overlap max=1.00; contains preprint version; contains non-preprint version; canonical candidate; group_size=2; distinct DOIs; title similarity max=1.00; author overlap max=1.00; contains preprint version; contains non-preprint version		publication	pending	review_needed	review_needed	review_needed	candidate_only; duplicate_group_requires_manual_review; canonical_suggestion_not_verified	2	distinct DOIs; title similarity max=1.00; author overlap max=1.00; contains preprint version; contains non-preprint version	crossref	https://doi.org/10.1038/s41586-024-08453-2		
P0	moscot	CAND_PUB_moscot_eae5e65e233f	PUBWG_CAND_PUB_moscot_eae5e65e233f	true		scDisent: disentangled representation learning with causal structure for multi-omic single-cell analysis	Guoren Xi	10.64898/2026.04.12.717909	2026		application_paper	application_evidence	0.400	0	https://doi.org/10.64898/2026.04.12.717909	review_needed:review_needed	keep_candidate	candidate_only; requires_human_review_before_formal_ingest; canonical_suggestion_not_verified; supporting_record_type:application_paper; has DOI; contains non-preprint version; canonical candidate; group_size=1; has DOI; contains non-preprint version; preprint_or_preprint_like_source; supporting_record_type:application; supporting_paper_type:application_paper; weak_title_tool_alignment		application	pending	review_needed	review_needed	review_needed	candidate_only; canonical_suggestion_not_verified; supporting_record_type:application_paper	1	has DOI; contains non-preprint version	crossref	https://doi.org/10.64898/2026.04.12.717909		
P0	moscot	CAND_PUB_moscot_cdf53fcd8ab2	PUBWG_CAND_PUB_moscot_2f5c815e18fd	false	CAND_PUB_moscot_2f5c815e18fd	Mapping cells through time and space with moscot	Dominik Klein;Giovanni Palla;Marius Lange;Michal Klein;Zoe Piran;Manuel Gander;Laetitia Meng-Papaxanthos;Michael Sterr;Aimée Bastidas-Ponce;Marta Tarquis-Medina;Heiko Lickert;Mostafa Bakhti;Mor Nitzan;Marco Cuturi;Fabian J. Theis	10.1101/2023.05.11.540374	2023		method_paper	primary_method_reference	0.850	42	https://doi.org/10.1101/2023.05.11.540374	review_needed:retrieval_only	likely_duplicate	candidate_only; requires_human_review_before_formal_ingest; duplicate_group_requires_manual_review; duplicate_suggestion_not_verified; preprint_or_preprint_like_source; distinct DOIs; title similarity max=1.00; author overlap max=1.00; contains preprint version; contains non-preprint version; duplicate candidate; group_size=2; distinct DOIs; title similarity max=1.00; author overlap max=1.00; contains preprint version; contains non-preprint version; duplicate_or_noncanonical_candidate		publication	pending	review_needed	review_needed	retrieval_only	candidate_only; duplicate_group_requires_manual_review; duplicate_suggestion_not_verified; preprint_or_preprint_like_source	2	distinct DOIs; title similarity max=1.00; author overlap max=1.00; contains preprint version; contains non-preprint version	crossref	https://doi.org/10.1101/2023.05.11.540374		
P0	nicheformer	CAND_PUB_nicheformer_a899071c948d	PUBWG_CAND_PUB_nicheformer_a899071c948d	true		Nicheformer: a foundation model for single-cell and spatial omics	Alejandro Tejada-Lapuerta;Anna C. Schaar;Robert Gutgesell;Giovanni Palla;Lennard Halle;Mariia Minaeva;Larsen Vornholz;Leander Dony;Francesca Drummer;Till Richter;Mojtaba Bahrami;Fabian J. Theis	10.1038/s41592-025-02814-z	2025	Nature Methods	method_paper	primary_method_reference	0.850	41	https://doi.org/10.1038/s41592-025-02814-z	review_needed:review_needed	priority_review	candidate_only; requires_human_review_before_formal_ingest; canonical_suggestion_not_verified; has DOI; contains non-preprint version; canonical candidate; group_size=1; has DOI; contains non-preprint version		publication	pending	review_needed	review_needed	review_needed	candidate_only; canonical_suggestion_not_verified	1	has DOI; contains non-preprint version	crossref	https://doi.org/10.1038/s41592-025-02814-z		
P0	nicheformer	CAND_PUB_nicheformer_a01b6480d42a	PUBWG_CAND_PUB_nicheformer_a01b6480d42a	true		Nicheformer: A Foundation Model for Single-Cell and Spatial Omics	Anna C. Schaar;Alejandro Tejada-Lapuerta;Giovanni Palla;Robert Gutgesell;Lennard Halle;Mariia Minaeva;Larsen Vornholz;Leander Dony;Francesca Drummer;Mojtaba Bahrami;Fabian J. Theis	10.2139/ssrn.4803291	2024		method_paper	primary_method_reference	0.850	23	https://doi.org/10.2139/ssrn.4803291	review_needed:review_needed	priority_review	candidate_only; requires_human_review_before_formal_ingest; canonical_suggestion_not_verified; has DOI; contains non-preprint version; canonical candidate; group_size=1; has DOI; contains non-preprint version		publication	pending	review_needed	review_needed	review_needed	candidate_only; canonical_suggestion_not_verified	1	has DOI; contains non-preprint version	crossref	https://doi.org/10.2139/ssrn.4803291		
P0	nicheformer	CAND_PUB_nicheformer_2d05378381f4	PUBWG_CAND_PUB_nicheformer_2d05378381f4	true		Nicheformer: a foundation model for single-cell and spatial omics	Anna Christina Schaar;Alejandro Tejada-Lapuerta;Giovanni Palla;Robert Gutgesell;Lennard Halle;Mariia Minaeva;Larsen Vornholz;Leander Dony;Francesca Drummer;Mojtaba Bahrami;Fabian J Theis	10.1101/2024.04.15.589472	2024		method_paper	primary_method_reference	0.850	31	https://doi.org/10.1101/2024.04.15.589472	review_needed:review_needed	keep_candidate	candidate_only; requires_human_review_before_formal_ingest; canonical_suggestion_not_verified; preprint_or_preprint_like_source; has DOI; contains preprint version; canonical candidate; group_size=1; has DOI; contains preprint version		publication	pending	review_needed	review_needed	review_needed	candidate_only; canonical_suggestion_not_verified; preprint_or_preprint_like_source	1	has DOI; contains preprint version	crossref	https://doi.org/10.1101/2024.04.15.589472		
P0	MAESTRO	CAND_PUB_MAESTRO_aad5c38bcb9d	PUBWG_CAND_PUB_MAESTRO_aad5c38bcb9d	true		Faculty Opinions recommendation of Integrative analyses of single-cell transcriptome and regulome using MAESTRO.	Patricia Elizalde	10.3410/f.738449364.793579798	2020	Faculty Opinions – Post-Publication Peer Review of the Biomedical Literature	method_paper	primary_method_reference	0.850	0	https://doi.org/10.3410/f.738449364.793579798	review_needed:review_needed	needs_manual_lookup	candidate_only; requires_human_review_before_formal_ingest; canonical_suggestion_not_verified; has DOI; contains non-preprint version; canonical candidate; group_size=1; has DOI; contains non-preprint version; secondary_or_abstract_shell_not_primary_publication		publication	pending	review_needed	review_needed	review_needed	candidate_only; canonical_suggestion_not_verified	1	has DOI; contains non-preprint version	crossref	https://doi.org/10.3410/f.738449364.793579798		
P0	MIMOSCA	CAND_PUB_MIMOSCA_7882e7558c0e	PUBWG_CAND_PUB_MIMOSCA_7882e7558c0e	true		Perturb-Seq: Dissecting Molecular Circuits with Scalable Single-Cell RNA Profiling of Pooled Genetic Screens	Aviv Dixit;Ofir Parnas;Bobby Li;Jenny Chen;Charles P. Fulco;Livnat Jerby-Arnon;Nemanja D. Marjanovic;David Dionne;Tamar Burks;Raktima Raychowdhury;Britt Adamson;Thomas M. Norman;Eric S. Lander;Jonathan S. Weissman;Nir Friedman;Aviv Regev	10.1016/j.cell.2016.11.038	2016	Cell	method_paper	primary_method_reference	0.750		https://doi.org/10.1016/j.cell.2016.11.038	manual_review	keep_candidate	candidate_only; requires_human_review_before_formal_ingest; manual seed from official MIMOSCA repository paper link; DOI checked; contains non-preprint version; title does not contain tool name; requires human confirmation before formalize; weak_title_tool_alignment		publication	pending	review_needed				1	manual seed from official MIMOSCA repository paper link; DOI checked; contains non-preprint version; title does not contain tool name; requires human confirmation before formalize	manual	https://doi.org/10.1016/j.cell.2016.11.038		
P1	MOFA	CAND_PUB_MOFA_aa1b75ff2c06	PUBWG_CAND_PUB_MOFA_aa1b75ff2c06	true		MOFA+: a statistical framework for comprehensive integration of multi-modal single-cell data	Ricard Argelaguet;Damien Arnol;Danila Bredikhin;Yonatan Deloro;Britta Velten;John C. Marioni;Oliver Stegle	10.1186/s13059-020-02015-1	2020	Genome Biology	method_paper	primary_method_reference	0.850	857	https://doi.org/10.1186/s13059-020-02015-1	review_needed:review_needed	priority_review	candidate_only; requires_human_review_before_formal_ingest; canonical_suggestion_not_verified; has DOI; contains non-preprint version; canonical candidate; group_size=1; has DOI; contains non-preprint version; generic_or_common_tool_name_requires_disambiguation		publication	pending	review_needed	review_needed	review_needed	candidate_only; canonical_suggestion_not_verified	1	has DOI; contains non-preprint version	crossref	https://doi.org/10.1186/s13059-020-02015-1		
P1	MOFA	CAND_PUB_MOFA_b19425a116c6	PUBWG_CAND_PUB_MOFA_b19425a116c6	true		Multi-Omics factor analysis - a framework for unsupervised integration of multi-omic data sets	Ricard Argelaguet;Britta Velten;Damien Arnol;Sascha Dietrich;Thorsten Zenz;John C. Marioni;Wolfgang Huber;Florian Buettner;Oliver Stegle	10.1101/217554	2017		application_paper	application_evidence	0.650	14	https://doi.org/10.1101/217554	review_needed:review_needed	keep_candidate	candidate_only; requires_human_review_before_formal_ingest; canonical_suggestion_not_verified; preprint_or_preprint_like_source; supporting_record_type:application_paper; has DOI; contains preprint version; canonical candidate; group_size=1; has DOI; contains preprint version; supporting_record_type:application; supporting_paper_type:application_paper; weak_title_tool_alignment; generic_or_common_tool_name_requires_disambiguation		application	pending	review_needed	review_needed	review_needed	candidate_only; canonical_suggestion_not_verified; preprint_or_preprint_like_source; supporting_record_type:application_paper	1	has DOI; contains preprint version	crossref	https://doi.org/10.1101/217554		
P1	MOFA	CAND_PUB_MOFA_b4282568b081	PUBWG_CAND_PUB_MOFA_b4282568b081	true		MOFA+: a probabilistic framework for comprehensive integration of structured single-cell data	Ricard Argelaguet;Damien Arnol;Danila Bredikhin;Yonatan Deloro;Britta Velten;John C Marioni;Oliver Stegle	10.1101/837104	2019		method_paper	primary_method_reference	0.850	13	https://doi.org/10.1101/837104	review_needed:review_needed	keep_candidate	candidate_only; requires_human_review_before_formal_ingest; canonical_suggestion_not_verified; preprint_or_preprint_like_source; has DOI; contains preprint version; canonical candidate; group_size=1; has DOI; contains preprint version; generic_or_common_tool_name_requires_disambiguation		publication	pending	review_needed	review_needed	review_needed	candidate_only; canonical_suggestion_not_verified; preprint_or_preprint_like_source	1	has DOI; contains preprint version	crossref	https://doi.org/10.1101/837104		
P1	MOFA	CAND_PUB_MOFA_3041b220223a	PUBWG_CAND_PUB_MOFA_3041b220223a	true		MOFA-FLEX: A Factor Model Framework for Integrating Omics Data with Prior Knowledge	Arber Qoku;Martin Rohbeck;Florin C. Walter;Ilia Kats;Oliver Stegle;Florian Buettner	10.1101/2025.11.03.686250	2025		method_paper	primary_method_reference	0.850	4	https://doi.org/10.1101/2025.11.03.686250	review_needed:review_needed	keep_candidate	candidate_only; requires_human_review_before_formal_ingest; canonical_suggestion_not_verified; preprint_or_preprint_like_source; has DOI; contains preprint version; canonical candidate; group_size=1; has DOI; contains preprint version; generic_or_common_tool_name_requires_disambiguation		publication	pending	review_needed	review_needed	review_needed	candidate_only; canonical_suggestion_not_verified; preprint_or_preprint_like_source	1	has DOI; contains preprint version	crossref	https://doi.org/10.1101/2025.11.03.686250		
P1	MOFA	CAND_PUB_MOFA_0f26e2a99240	PUBWG_CAND_PUB_MOFA_0f26e2a99240	true		Comprehensive Analysis of Multi-Omics Vaccine Response Data Using MOFA and Stabl Algorithms	Aanya Gupta;Koji Abe;Holden T. Maecker	10.1101/2025.09.30.679306	2025		method_paper	primary_method_reference	0.850	0	https://doi.org/10.1101/2025.09.30.679306	review_needed:review_needed	keep_candidate	candidate_only; requires_human_review_before_formal_ingest; canonical_suggestion_not_verified; preprint_or_preprint_like_source; has DOI; contains preprint version; canonical candidate; group_size=1; has DOI; contains preprint version; generic_or_common_tool_name_requires_disambiguation		publication	pending	review_needed	review_needed	review_needed	candidate_only; canonical_suggestion_not_verified; preprint_or_preprint_like_source	1	has DOI; contains preprint version	crossref	https://doi.org/10.1101/2025.09.30.679306		
P1	MOFA	CAND_PUB_MOFA_93919f506bc3	PUBWG_CAND_PUB_MOFA_93919f506bc3	true		MOFA GAT A NOVEL DEEP LEARNING FRAMEWORK FOR MULTI OMICS INTEGRATION AND DRUG METABOLITE PATHWAY PREDICTION	Dr. A V L N Sujith	10.53555/jab.v11i3.289	2025	Journal of Applied Bioanalysis	method_paper	primary_method_reference	0.700	0	https://doi.org/10.53555/jab.v11i3.289	review_needed:review_needed	keep_candidate	candidate_only; requires_human_review_before_formal_ingest; canonical_suggestion_not_verified; has DOI; contains non-preprint version; canonical candidate; group_size=1; has DOI; contains non-preprint version; generic_or_common_tool_name_requires_disambiguation		publication	pending	review_needed	review_needed	review_needed	candidate_only; canonical_suggestion_not_verified	1	has DOI; contains non-preprint version	crossref	https://doi.org/10.53555/jab.v11i3.289		
P1	MOFA2	CAND_PUB_MOFA2_aa1b75ff2c06	PUBWG_CAND_PUB_MOFA2_aa1b75ff2c06	true		MOFA+: a statistical framework for comprehensive integration of multi-modal single-cell data	Ricard Argelaguet;Damien Arnol;Danila Bredikhin;Yonatan Deloro;Britta Velten;John C. Marioni;Oliver Stegle	10.1186/s13059-020-02015-1	2020	Genome Biology	application_paper	application_evidence	0.650	857	https://doi.org/10.1186/s13059-020-02015-1	review_needed:review_needed	keep_candidate	candidate_only; requires_human_review_before_formal_ingest; canonical_suggestion_not_verified; supporting_record_type:application_paper; has DOI; contains non-preprint version; canonical candidate; group_size=1; has DOI; contains non-preprint version; supporting_record_type:application; supporting_paper_type:application_paper		application	pending	review_needed	review_needed	review_needed	candidate_only; canonical_suggestion_not_verified; supporting_record_type:application_paper	1	has DOI; contains non-preprint version	crossref	https://doi.org/10.1186/s13059-020-02015-1		
P1	MOFA2	CAND_PUB_MOFA2_b4282568b081	PUBWG_CAND_PUB_MOFA2_b4282568b081	true		MOFA+: a probabilistic framework for comprehensive integration of structured single-cell data	Ricard Argelaguet;Damien Arnol;Danila Bredikhin;Yonatan Deloro;Britta Velten;John C Marioni;Oliver Stegle	10.1101/837104	2019		application_paper	application_evidence	0.650	13	https://doi.org/10.1101/837104	review_needed:review_needed	keep_candidate	candidate_only; requires_human_review_before_formal_ingest; canonical_suggestion_not_verified; preprint_or_preprint_like_source; supporting_record_type:application_paper; has DOI; contains preprint version; canonical candidate; group_size=1; has DOI; contains preprint version; supporting_record_type:application; supporting_paper_type:application_paper		application	pending	review_needed	review_needed	review_needed	candidate_only; canonical_suggestion_not_verified; preprint_or_preprint_like_source; supporting_record_type:application_paper	1	has DOI; contains preprint version	crossref	https://doi.org/10.1101/837104		
P1	cell2location	CAND_PUB_cell2location_34b39045863f	PUBWG_CAND_PUB_cell2location_34b39045863f	true		Cell2location maps fine-grained cell types in spatial transcriptomics	Vitalii Kleshchevnikov;Artem Shmatko;Emma Dann;Alexander Aivazidis;Hamish W. King;Tong Li;Rasa Elmentaite;Artem Lomakin;Veronika Kedlian;Adam Gayoso;Mika Sarkin Jain;Jun Sung Park;Lauma Ramona;Elizabeth Tuck;Anna Arutyunyan;Roser Vento-Tormo;Moritz Gerstung;Louisa James;Oliver Stegle;Omer Ali Bayraktar	10.1038/s41587-021-01139-4	2022	Nature Biotechnology	method_paper	primary_method_reference	0.850	1119	https://doi.org/10.1038/s41587-021-01139-4	review_needed:review_needed	priority_review	candidate_only; requires_human_review_before_formal_ingest; canonical_suggestion_not_verified; has DOI; contains non-preprint version; canonical candidate; group_size=1; has DOI; contains non-preprint version		publication	pending	review_needed	review_needed	review_needed	candidate_only; canonical_suggestion_not_verified	1	has DOI; contains non-preprint version	crossref	https://doi.org/10.1038/s41587-021-01139-4		
P1	scIB	CAND_PUB_scIB_02fe7fd09f0d	PUBWG_CAND_PUB_scIB_02fe7fd09f0d	true		Benchmarking atlas-level data integration in single-cell genomics	Malte D. Luecken;M. Buttner;K. Chaichoompu;A. Danese;M. Interlandi;M. F. Mueller;D. C. Strobl;L. Zappia;M. Dugas;M. Colome-Tatche;F. J. Theis	10.1038/s41592-021-01336-8	2022	Nature Methods	method_paper	primary_method_reference	0.850		https://doi.org/10.1038/s41592-021-01336-8	manual_review	priority_review	candidate_only; requires_human_review_before_formal_ingest; manual authoritative seed; DOI checked; contains non-preprint version; benchmark framework primary paper; benchmark metrics still require separate benchmark evidence extraction; weak_title_tool_alignment		publication	pending	review_needed				1	manual authoritative seed; DOI checked; contains non-preprint version; benchmark framework primary paper; benchmark metrics still require separate benchmark evidence extraction	manual	https://doi.org/10.1038/s41592-021-01336-8		
P1	SingleR	CAND_PUB_SingleR_8c7c430a52b8	PUBWG_CAND_PUB_SingleR_8c7c430a52b8	true		Abstract LB240: Cell type annotation using singleR with custom reference for single-nucleus multiome data derived from frozen human breast tumors	Huaitian Liu;Alexandra Harris;Brittany Jenkins-Lord;Tiffany H. Dorsey;Francis Makokha;Shahin Sayed;Gretchen Gierach;Stefan Ambs	10.1158/1538-7445.am2024-lb240	2024	Cancer Research	method_paper	primary_method_reference	0.850	0	https://doi.org/10.1158/1538-7445.am2024-lb240	review_needed:review_needed	needs_manual_lookup	candidate_only; requires_human_review_before_formal_ingest; canonical_suggestion_not_verified; has DOI; contains non-preprint version; canonical candidate; group_size=1; has DOI; contains non-preprint version; secondary_or_abstract_shell_not_primary_publication; generic_or_common_tool_name_requires_disambiguation		publication	pending	review_needed	review_needed	review_needed	candidate_only; canonical_suggestion_not_verified	1	has DOI; contains non-preprint version	crossref	https://doi.org/10.1158/1538-7445.am2024-lb240		
P1	scGPT	CAND_PUB_scGPT_0cdaba5ffd46	PUBWG_CAND_PUB_scGPT_0cdaba5ffd46	true		scGPT: toward building a foundation model for single-cell multi-omics using generative AI	Haotian Cui;Chloe Wang;Hassaan Maan;Kuan Pang;Fengning Luo;Duan;Bo Wang	10.1038/s41592-024-02201-0	2024	Nature Methods	method_paper	primary_method_reference	0.850	906	https://doi.org/10.1038/s41592-024-02201-0	review_needed:review_needed	priority_review	candidate_only; requires_human_review_before_formal_ingest; canonical_suggestion_not_verified; has DOI; contains non-preprint version; canonical candidate; group_size=1; has DOI; contains non-preprint version		publication	pending	review_needed	review_needed	review_needed	candidate_only; canonical_suggestion_not_verified	1	has DOI; contains non-preprint version	crossref	https://doi.org/10.1038/s41592-024-02201-0		
P1	scGPT	CAND_PUB_scGPT_db5517aa2bd4	PUBWG_CAND_PUB_scGPT_db5517aa2bd4	true		Empowering single-cell genomics with scGPT: Precision clustering and genetic insights into acute lymphoblastic leukemia.	Pei-Hsuan Chen	10.1200/jco.2025.43.16_suppl.e18514	2025	Journal of Clinical Oncology	method_paper	primary_method_reference	0.950	0	https://doi.org/10.1200/jco.2025.43.16_suppl.e18514	review_needed:review_needed	priority_review	candidate_only; requires_human_review_before_formal_ingest; canonical_suggestion_not_verified; has DOI; contains non-preprint version; canonical candidate; group_size=1; has DOI; contains non-preprint version		publication	pending	review_needed	review_needed	review_needed	candidate_only; canonical_suggestion_not_verified	1	has DOI; contains non-preprint version	crossref	https://doi.org/10.1200/jco.2025.43.16_suppl.e18514		
P1	scGPT	CAND_PUB_scGPT_5bc28b42d45c	PUBWG_CAND_PUB_scGPT_5bc28b42d45c	true		Influence of Gender-Specific Data Imbalance on scGPT Fine-Tuning for Single-Cell Genomics	Mohammad Aman Ullah Al Amin;Daniil Filienko;Hong Qin	10.1609/aaaiss.v7i1.36914	2025	Proceedings of the AAAI Symposium Series	method_paper	primary_method_reference	0.850	0	https://doi.org/10.1609/aaaiss.v7i1.36914	review_needed:review_needed	priority_review	candidate_only; requires_human_review_before_formal_ingest; canonical_suggestion_not_verified; has DOI; contains non-preprint version; canonical candidate; group_size=1; has DOI; contains non-preprint version		publication	pending	review_needed	review_needed	review_needed	candidate_only; canonical_suggestion_not_verified	1	has DOI; contains non-preprint version	crossref	https://doi.org/10.1609/aaaiss.v7i1.36914		
P1	scGPT	CAND_PUB_scGPT_395264679da1	PUBWG_CAND_PUB_scGPT_395264679da1	true		Abstract B037: Revolutionizing stem cell classification and genotypic profiling with large language models: scGPT-driven advances in single-cell genomics	Pei-Hsuan Chen;Yen-Jhen Chen;Pei-Lung Chen	10.1158/1538-7445.genfunc25-b037	2025	Cancer Research	method_paper	primary_method_reference	0.950	0	https://doi.org/10.1158/1538-7445.genfunc25-b037	review_needed:review_needed	needs_manual_lookup	candidate_only; requires_human_review_before_formal_ingest; canonical_suggestion_not_verified; has DOI; contains non-preprint version; canonical candidate; group_size=1; has DOI; contains non-preprint version; secondary_or_abstract_shell_not_primary_publication		publication	pending	review_needed	review_needed	review_needed	candidate_only; canonical_suggestion_not_verified	1	has DOI; contains non-preprint version	crossref	https://doi.org/10.1158/1538-7445.genfunc25-b037		
P1	scGPT	CAND_PUB_scGPT_85208f675e63	PUBWG_CAND_PUB_scGPT_85208f675e63	true		scGPT: Towards Building a Foundation Model for Single-Cell Multi-omics Using Generative AI	Haotian Cui;Chloe Wang;Hassaan Maan;Kuan Pang;Fengning Luo;Bo Wang	10.1101/2023.04.30.538439	2023		method_paper	primary_method_reference	0.850	142	https://doi.org/10.1101/2023.04.30.538439	review_needed:review_needed	keep_candidate	candidate_only; requires_human_review_before_formal_ingest; canonical_suggestion_not_verified; preprint_or_preprint_like_source; has DOI; contains preprint version; canonical candidate; group_size=1; has DOI; contains preprint version		publication	pending	review_needed	review_needed	review_needed	candidate_only; canonical_suggestion_not_verified; preprint_or_preprint_like_source	1	has DOI; contains preprint version	crossref	https://doi.org/10.1101/2023.04.30.538439		
P1	scGPT	CAND_PUB_scGPT_2eb4be49e9f6	PUBWG_CAND_PUB_scGPT_2eb4be49e9f6	true		scGPT-spatial: Continual Pretraining of Single-Cell Foundation Model for Spatial Transcriptomics	Chloe Wang;Haotian Cui;Andrew Zhang;Ronald Xie;Hani Goodarzi;Bo Wang	10.1101/2025.02.05.636714	2025		method_paper	primary_method_reference	0.950	35	https://doi.org/10.1101/2025.02.05.636714	review_needed:review_needed	keep_candidate	candidate_only; requires_human_review_before_formal_ingest; canonical_suggestion_not_verified; preprint_or_preprint_like_source; has DOI; contains preprint version; canonical candidate; group_size=1; has DOI; contains preprint version		publication	pending	review_needed	review_needed	review_needed	candidate_only; canonical_suggestion_not_verified; preprint_or_preprint_like_source	1	has DOI; contains preprint version	crossref	https://doi.org/10.1101/2025.02.05.636714		
P1	CellRank	CAND_PUB_CellRank_37ae953d1d1a	PUBWG_CAND_PUB_CellRank_37ae953d1d1a	true		CellRank for directed single-cell fate mapping	Marius Lange;Volker Bergen;Michal Klein;Manu Setty;Bernhard Reuter;Mostafa Bakhti;Heiko Lickert;Meshal Ansari;Janine Schniering;Herbert B. Schiller;Dana Pe’er;Fabian J. Theis	10.1038/s41592-021-01346-6	2022	Nature Methods	method_paper	primary_method_reference	0.850	693	https://doi.org/10.1038/s41592-021-01346-6	prioritize_review	priority_review	candidate_only; requires_human_review_before_formal_ingest; duplicate_group_requires_manual_review; canonical_suggestion_not_verified; distinct DOIs; title similarity max=1.00; author overlap max=1.00; contains preprint version; contains non-preprint version; canonical candidate; group_size=3; distinct DOIs; title similarity max=1.00; author overlap max=1.00; contains preprint version; contains non-preprint version; manual_override:prioritize_review; manual_override_reason:priority CellRank method evidence candidate; complete task/modality before formal ingest.		publication	pending	review_needed	review_needed	review_needed	candidate_only; duplicate_group_requires_manual_review; canonical_suggestion_not_verified	3	distinct DOIs; title similarity max=1.00; author overlap max=1.00; contains preprint version; contains non-preprint version	crossref	https://doi.org/10.1038/s41592-021-01346-6		
P1	CellRank	CAND_PUB_CellRank_363ead324201	PUBWG_CAND_PUB_CellRank_363ead324201	true		CellRank 2: unified fate mapping in multiview single-cell data	Philipp Weiler;Marius Lange;Michal Klein;Dana Pe’er;Fabian Theis	10.1038/s41592-024-02303-9	2024	Nature Methods	method_paper	primary_method_reference	0.850	191	https://doi.org/10.1038/s41592-024-02303-9	review_needed:review_needed	priority_review	candidate_only; requires_human_review_before_formal_ingest; canonical_suggestion_not_verified; has DOI; contains non-preprint version; canonical candidate; group_size=1; has DOI; contains non-preprint version		publication	pending	review_needed	review_needed	review_needed	candidate_only; canonical_suggestion_not_verified	1	has DOI; contains non-preprint version	crossref	https://doi.org/10.1038/s41592-024-02303-9		
P1	CellRank	CAND_PUB_CellRank_4aa201bf932e	PUBWG_CAND_PUB_CellRank_4aa201bf932e	true		CellRank: consistent and data view agnostic fate mapping for single-cell genomics	Philipp Weiler;Fabian J. Theis	10.1038/s41596-025-01314-w	2026	Nature Protocols	protocol	workflow_support	0.700	0	https://doi.org/10.1038/s41596-025-01314-w	keep_candidate	keep_candidate	candidate_only; requires_human_review_before_formal_ingest; canonical_suggestion_not_verified; supporting_record_type:protocol; has DOI; contains non-preprint version; canonical candidate; group_size=1; has DOI; contains non-preprint version; supporting_paper_type:protocol; manual_override:keep_candidate; manual_override_reason:protocol/supporting workflow evidence, not the primary method reference.		protocol	pending	review_needed	review_needed	review_needed	candidate_only; canonical_suggestion_not_verified; supporting_record_type:protocol	1	has DOI; contains non-preprint version	crossref	https://doi.org/10.1038/s41596-025-01314-w		
P1	CellRank	CAND_PUB_CellRank_9c9c58a5793d	PUBWG_CAND_PUB_CellRank_37ae953d1d1a	false	CAND_PUB_CellRank_37ae953d1d1a	CellRank for directed single-cell fate mapping	Marius Lange;Volker Bergen;Michal Klein;Manu Setty;Bernhard Reuter;Mostafa Bakhti;Heiko Lickert;Meshal Ansari;Janine Schniering;Herbert B. Schiller;Dana Pe’er;Fabian J. Theis	10.1101/2020.10.19.345983	2020		method_paper	primary_method_reference	0.850	23	https://doi.org/10.1101/2020.10.19.345983	mark_duplicate	likely_duplicate	candidate_only; requires_human_review_before_formal_ingest; duplicate_group_requires_manual_review; duplicate_suggestion_not_verified; preprint_or_preprint_like_source; distinct DOIs; title similarity max=1.00; author overlap max=1.00; contains preprint version; contains non-preprint version; duplicate candidate; group_size=3; distinct DOIs; title similarity max=1.00; author overlap max=1.00; contains preprint version; contains non-preprint version; duplicate_or_noncanonical_candidate; manual_override:mark_duplicate; manual_override_reason:preprint/version duplicate; keep as provenance, exclude from ranking.		publication	pending	review_needed	review_needed	retrieval_only	candidate_only; duplicate_group_requires_manual_review; duplicate_suggestion_not_verified; preprint_or_preprint_like_source	3	distinct DOIs; title similarity max=1.00; author overlap max=1.00; contains preprint version; contains non-preprint version	crossref	https://doi.org/10.1101/2020.10.19.345983		
P1	CellRank	CAND_PUB_CellRank_d91736322bb3	PUBWG_CAND_PUB_CellRank_37ae953d1d1a	false	CAND_PUB_CellRank_37ae953d1d1a	CellRank for directed single-cell fate mapping	Marius Lange;Volker Bergen;Michal Klein;Manu Setty;Bernhard Reuter;Mostafa Bakhti;Heiko Lickert;Meshal Ansari;Janine Schniering;Herbert Schiller;Dana Pe'er;Fabian Theis	10.21203/rs.3.rs-94819/v1	2020		method_paper	primary_method_reference	0.850	18	https://doi.org/10.21203/rs.3.rs-94819/v1	mark_duplicate	likely_duplicate	candidate_only; requires_human_review_before_formal_ingest; duplicate_group_requires_manual_review; duplicate_suggestion_not_verified; distinct DOIs; title similarity max=1.00; author overlap max=1.00; contains preprint version; contains non-preprint version; duplicate candidate; group_size=3; distinct DOIs; title similarity max=1.00; author overlap max=1.00; contains preprint version; contains non-preprint version; duplicate_or_noncanonical_candidate; preprint_or_preprint_like_source; manual_override:mark_duplicate; manual_override_reason:preprint/version duplicate; keep as provenance, exclude from ranking.		publication	pending	review_needed	review_needed	retrieval_only	candidate_only; duplicate_group_requires_manual_review; duplicate_suggestion_not_verified	3	distinct DOIs; title similarity max=1.00; author overlap max=1.00; contains preprint version; contains non-preprint version	crossref	https://doi.org/10.21203/rs.3.rs-94819/v1		
P1	tradeSeq	CAND_PUB_tradeSeq_f20b8273a8d0	PUBWG_CAND_PUB_tradeSeq_f20b8273a8d0	true		tradeSeq: trajectory-based differential expression analysis for sequencing data	Koen Van den Berge;Hector Roux de Bezieux;Kelly Street;Wouter Saelens;Robrecht Cannoodt;Yvan Saeys;Sandrine Dudoit;Lieven Clement	10.1038/s41467-020-14766-3	2020	Nature Communications	method_paper	primary_method_reference	0.900		https://doi.org/10.1038/s41467-020-14766-3	manual_review	priority_review	candidate_only; requires_human_review_before_formal_ingest; manual authoritative seed; DOI checked; contains non-preprint version		publication	pending	review_needed				1	manual authoritative seed; DOI checked; contains non-preprint version	manual	https://doi.org/10.1038/s41467-020-14766-3		
P1	velociraptor	NO_CAND_velociraptor														manual_lookup_required	no_candidate_found	No publication candidate found in core50 candidate table; perform manual DOI/PMID/arXiv lookup before any promotion.	publication_id;title;doi;source_url;publication_year;authors												
P1	wot	CAND_PUB_wot_5704efaab479	PUBWG_CAND_PUB_wot_5704efaab479	true		Optimal-Transport Analysis of Single-Cell Gene Expression Identifies Developmental Trajectories in Reprogramming	Geoffrey Schiebinger;Jian Shu;Marcin Tabaka;Brian Cleary;Vidya Subramanian;Aryeh Solomon;Joshua Gould;Siyan Liu;Stacie Lin;Peter Berube;Lia Lee;Jenny Chen;Justin Brumbaugh;Philippe Rigollet;Konrad Hochedlinger;Rudolf Jaenisch;Aviv Regev;Eric S. Lander	10.1016/j.cell.2019.02.026	2019	Cell	method_paper	primary_method_reference	0.900		https://doi.org/10.1016/j.cell.2019.02.026	manual_review	priority_review	candidate_only; requires_human_review_before_formal_ingest; manual authoritative seed; DOI checked; contains non-preprint version; weak_title_tool_alignment		publication	pending	review_needed				1	manual authoritative seed; DOI checked; contains non-preprint version	manual	https://doi.org/10.1016/j.cell.2019.02.026		
P1	Scanpy	CAND_PUB_Scanpy_7fdbdd740af7	PUBWG_CAND_PUB_Scanpy_7fdbdd740af7	true		Scirpy: a Scanpy extension for analyzing single-cell T-cell receptor-sequencing data	Gregor Sturm;Tamas Szabo;Georgios Fotakis;Marlene Haider;Dietmar Rieder;Zlatko Trajanoski;Francesca Finotello	10.1093/bioinformatics/btaa611	2020	Bioinformatics	method_paper	primary_method_reference	0.850	170	https://doi.org/10.1093/bioinformatics/btaa611	review_needed:review_needed	priority_review	candidate_only; requires_human_review_before_formal_ingest; duplicate_group_requires_manual_review; canonical_suggestion_not_verified; distinct DOIs; title similarity max=1.00; author overlap max=1.00; contains preprint version; contains non-preprint version; canonical candidate; group_size=2; distinct DOIs; title similarity max=1.00; author overlap max=1.00; contains preprint version; contains non-preprint version		publication	pending	review_needed	review_needed	review_needed	candidate_only; duplicate_group_requires_manual_review; canonical_suggestion_not_verified	2	distinct DOIs; title similarity max=1.00; author overlap max=1.00; contains preprint version; contains non-preprint version	crossref	https://doi.org/10.1093/bioinformatics/btaa611		
P1	Scanpy	CAND_PUB_Scanpy_454a78daf3a3	PUBWG_CAND_PUB_Scanpy_454a78daf3a3	true		A Reproducible Pipeline for Preprocessing and Annotation of scRNA-seq Data Using Seurat and Scanpy	Vladimir Kovačević;Andreja Živić;Miloš Ivanović;Nevena Milivojević Dimitrijević;Marko Živanović	10.46793/iccbikg25.371k	2025	Book of Proceedings	method_paper	primary_method_reference	0.950	0	https://doi.org/10.46793/iccbikg25.371k	review_needed:review_needed	priority_review	candidate_only; requires_human_review_before_formal_ingest; canonical_suggestion_not_verified; has DOI; contains non-preprint version; canonical candidate; group_size=1; has DOI; contains non-preprint version		publication	pending	review_needed	review_needed	review_needed	candidate_only; canonical_suggestion_not_verified	1	has DOI; contains non-preprint version	crossref	https://doi.org/10.46793/iccbikg25.371k		
P1	Scanpy	CAND_PUB_Scanpy_5d71ef7b2a78	PUBWG_CAND_PUB_Scanpy_5d71ef7b2a78	true		Scirpy: A Scanpy extension for analyzing single-cell T-cell receptor sequencing data		10.37473/dac/10.1101/2020.04.10.035865	None		method_paper	primary_method_reference	0.700	2	https://doi.org/10.37473/dac/10.1101/2020.04.10.035865	review_needed:review_needed	needs_manual_lookup	candidate_only; requires_human_review_before_formal_ingest; canonical_suggestion_not_verified; has DOI; contains non-preprint version; canonical candidate; group_size=1; has DOI; contains non-preprint version; missing_fields:authors	authors	publication	pending	review_needed	review_needed	review_needed	candidate_only; canonical_suggestion_not_verified	1	has DOI; contains non-preprint version	crossref	https://doi.org/10.37473/dac/10.1101/2020.04.10.035865		
P1	Scanpy	CAND_PUB_Scanpy_4671c99f42e8	PUBWG_CAND_PUB_Scanpy_4671c99f42e8	true		SCANPY: large-scale single-cell gene expression data analysis	F. Alexander Wolf;Philipp Angerer;Fabian J. Theis	10.1186/s13059-017-1382-0	2018	Genome Biology	method_paper	primary_method_reference	0.700	8132	https://doi.org/10.1186/s13059-017-1382-0	review_needed:review_needed	keep_candidate	candidate_only; requires_human_review_before_formal_ingest; canonical_suggestion_not_verified; has DOI; contains non-preprint version; canonical candidate; group_size=1; has DOI; contains non-preprint version		publication	pending	review_needed	review_needed	review_needed	candidate_only; canonical_suggestion_not_verified	1	has DOI; contains non-preprint version	crossref	https://doi.org/10.1186/s13059-017-1382-0		
P1	Scanpy	CAND_PUB_Scanpy_6f4843abf941	PUBWG_CAND_PUB_Scanpy_6f4843abf941	true		Scanpy for analysis of large-scale single-cell gene expression data	F. Alexander Wolf;Philipp Angerer;Fabian J. Theis	10.1101/174029	2017		method_paper	primary_method_reference	0.700	18	https://doi.org/10.1101/174029	review_needed:review_needed	keep_candidate	candidate_only; requires_human_review_before_formal_ingest; canonical_suggestion_not_verified; preprint_or_preprint_like_source; has DOI; contains preprint version; canonical candidate; group_size=1; has DOI; contains preprint version		publication	pending	review_needed	review_needed	review_needed	candidate_only; canonical_suggestion_not_verified; preprint_or_preprint_like_source	1	has DOI; contains preprint version	crossref	https://doi.org/10.1101/174029		
P1	Scanpy	CAND_PUB_Scanpy_4b08e6ebb832	PUBWG_CAND_PUB_Scanpy_7fdbdd740af7	false	CAND_PUB_Scanpy_7fdbdd740af7	Scirpy: A Scanpy extension for analyzing single-cell T-cell receptor sequencing data	Gregor Sturm;Tamas Szabo;Georgios Fotakis;Marlene Haider;Dietmar Rieder;Zlatko Trajanoski;Francesca Finotello	10.1101/2020.04.10.035865	2020		method_paper	primary_method_reference	0.850	4	https://doi.org/10.1101/2020.04.10.035865	review_needed:retrieval_only	likely_duplicate	candidate_only; requires_human_review_before_formal_ingest; duplicate_group_requires_manual_review; duplicate_suggestion_not_verified; preprint_or_preprint_like_source; distinct DOIs; title similarity max=1.00; author overlap max=1.00; contains preprint version; contains non-preprint version; duplicate candidate; group_size=2; distinct DOIs; title similarity max=1.00; author overlap max=1.00; contains preprint version; contains non-preprint version; duplicate_or_noncanonical_candidate		publication	pending	review_needed	review_needed	retrieval_only	candidate_only; duplicate_group_requires_manual_review; duplicate_suggestion_not_verified; preprint_or_preprint_like_source	2	distinct DOIs; title similarity max=1.00; author overlap max=1.00; contains preprint version; contains non-preprint version	crossref	https://doi.org/10.1101/2020.04.10.035865		
P1	Seurat	CAND_PUB_Seurat_bd75b9091845	PUBWG_CAND_PUB_Seurat_bd75b9091845	true		Seurat function argument values in scRNA-seq data analysis: potential pitfalls and refinements for biological interpretation	Mikhail Arbatsky;Ekaterina Vasilyeva;Veronika Sysoeva;Ekaterina Semina;Valeri Saveliev;Kseniya Rubina	10.3389/fbinf.2025.1519468	2025	Frontiers in Bioinformatics	method_paper	primary_method_reference	0.850	8	https://doi.org/10.3389/fbinf.2025.1519468	review_needed:review_needed	priority_review	candidate_only; requires_human_review_before_formal_ingest; canonical_suggestion_not_verified; has DOI; contains non-preprint version; canonical candidate; group_size=1; has DOI; contains non-preprint version; generic_or_common_tool_name_requires_disambiguation		publication	pending	review_needed	review_needed	review_needed	candidate_only; canonical_suggestion_not_verified	1	has DOI; contains non-preprint version	crossref	https://doi.org/10.3389/fbinf.2025.1519468		
P1	Seurat	CAND_PUB_Seurat_454a78daf3a3	PUBWG_CAND_PUB_Seurat_454a78daf3a3	true		A Reproducible Pipeline for Preprocessing and Annotation of scRNA-seq Data Using Seurat and Scanpy	Vladimir Kovačević;Andreja Živić;Miloš Ivanović;Nevena Milivojević Dimitrijević;Marko Živanović	10.46793/iccbikg25.371k	2025	Book of Proceedings	method_paper	primary_method_reference	0.950	0	https://doi.org/10.46793/iccbikg25.371k	review_needed:review_needed	priority_review	candidate_only; requires_human_review_before_formal_ingest; canonical_suggestion_not_verified; has DOI; contains non-preprint version; canonical candidate; group_size=1; has DOI; contains non-preprint version; generic_or_common_tool_name_requires_disambiguation		publication	pending	review_needed	review_needed	review_needed	candidate_only; canonical_suggestion_not_verified	1	has DOI; contains non-preprint version	crossref	https://doi.org/10.46793/iccbikg25.371k		
P1	Seurat	CAND_PUB_Seurat_60157e3024b4	PUBWG_CAND_PUB_Seurat_60157e3024b4	true		SeuratExplorer: An 'Shiny' App for Exploring scRNA-seq Data Processed in 'Seurat'	Yongchao Zhang	10.32614/cran.package.seuratexplorer	2025	CRAN: Contributed Packages	method_paper	primary_method_reference	0.850	0	https://doi.org/10.32614/cran.package.seuratexplorer	review_needed:review_needed	priority_review	candidate_only; requires_human_review_before_formal_ingest; canonical_suggestion_not_verified; has DOI; contains non-preprint version; canonical candidate; group_size=1; has DOI; contains non-preprint version; generic_or_common_tool_name_requires_disambiguation		publication	pending	review_needed	review_needed	review_needed	candidate_only; canonical_suggestion_not_verified	1	has DOI; contains non-preprint version	crossref	https://doi.org/10.32614/cran.package.seuratexplorer		
P1	Seurat	CAND_PUB_Seurat_77855202e52e	PUBWG_CAND_PUB_Seurat_77855202e52e	true		Seurat: Tools for Single Cell Genomics	Rahul Satija	10.32614/cran.package.seurat	2017	CRAN: Contributed Packages	method_paper	primary_method_reference	0.700	20	https://doi.org/10.32614/cran.package.seurat	review_needed:review_needed	keep_candidate	candidate_only; requires_human_review_before_formal_ingest; canonical_suggestion_not_verified; has DOI; contains non-preprint version; canonical candidate; group_size=1; has DOI; contains non-preprint version; generic_or_common_tool_name_requires_disambiguation		publication	pending	review_needed	review_needed	review_needed	candidate_only; canonical_suggestion_not_verified	1	has DOI; contains non-preprint version	crossref	https://doi.org/10.32614/cran.package.seurat		
P1	Seurat	CAND_PUB_Seurat_93163226cbf1	PUBWG_CAND_PUB_Seurat_93163226cbf1	true		Asc-Seurat – Analytical single-cell Seurat-based web application	WJ Pereira;FM Almeida;KM Balmant;DC Rodriguez;PM Triozzi;HW Schmidt;C Dervinis;GJ Pappas;M Kirst	10.1101/2021.03.19.436196	2021		method_paper	primary_method_reference	0.850	5	https://doi.org/10.1101/2021.03.19.436196	review_needed:review_needed	keep_candidate	candidate_only; requires_human_review_before_formal_ingest; canonical_suggestion_not_verified; preprint_or_preprint_like_source; has DOI; contains preprint version; canonical candidate; group_size=1; has DOI; contains preprint version; generic_or_common_tool_name_requires_disambiguation		publication	pending	review_needed	review_needed	review_needed	candidate_only; canonical_suggestion_not_verified; preprint_or_preprint_like_source	1	has DOI; contains preprint version	crossref	https://doi.org/10.1101/2021.03.19.436196		
P1	Seurat	CAND_PUB_Seurat_de98c08fdba4	PUBWG_CAND_PUB_Seurat_de98c08fdba4	true		STACAS: Sub-Type Anchor Correction for Alignment in Seurat to integrate single-cell RNA-seq data	Massimo Andreatta;Santiago J. Carmona	10.1101/2020.06.15.152306	2020		method_paper	primary_method_reference	0.850	0	https://doi.org/10.1101/2020.06.15.152306	review_needed:review_needed	keep_candidate	candidate_only; requires_human_review_before_formal_ingest; canonical_suggestion_not_verified; preprint_or_preprint_like_source; has DOI; contains preprint version; canonical candidate; group_size=1; has DOI; contains preprint version; generic_or_common_tool_name_requires_disambiguation		publication	pending	review_needed	review_needed	review_needed	candidate_only; canonical_suggestion_not_verified; preprint_or_preprint_like_source	1	has DOI; contains preprint version	crossref	https://doi.org/10.1101/2020.06.15.152306		
P1	Seurat	CAND_PUB_Seurat_e050d2f72ad8	PUBWG_CAND_PUB_Seurat_e050d2f72ad8	true		ShinyMultiome.UiO: An interactive open-source framework utilizing Seurat Objects for visualizing single-cell Multiomes	Akshay Akshay;Ankush Sharma;Ragnhild Eskeland	10.1101/2023.06.20.545756	2023		method_paper	primary_method_reference	0.850	0	https://doi.org/10.1101/2023.06.20.545756	review_needed:review_needed	keep_candidate	candidate_only; requires_human_review_before_formal_ingest; canonical_suggestion_not_verified; preprint_or_preprint_like_source; has DOI; contains preprint version; canonical candidate; group_size=1; has DOI; contains preprint version; generic_or_common_tool_name_requires_disambiguation		publication	pending	review_needed	review_needed	review_needed	candidate_only; canonical_suggestion_not_verified; preprint_or_preprint_like_source	1	has DOI; contains preprint version	crossref	https://doi.org/10.1101/2023.06.20.545756		
P1	Seurat	CAND_PUB_Seurat_1a55f7f15352	PUBWG_CAND_PUB_Seurat_1a55f7f15352	true		scPipeline: A Wrapper for 'Seurat' and Related R Packages for End-to-End Single Cell Analysis	Viswanadham Sridhara	10.32614/cran.package.scpipeline	2025	CRAN: Contributed Packages	method_paper	primary_method_reference	0.700	0	https://doi.org/10.32614/cran.package.scpipeline	review_needed:review_needed	keep_candidate	candidate_only; requires_human_review_before_formal_ingest; canonical_suggestion_not_verified; has DOI; contains non-preprint version; canonical candidate; group_size=1; has DOI; contains non-preprint version; generic_or_common_tool_name_requires_disambiguation		publication	pending	review_needed	review_needed	review_needed	candidate_only; canonical_suggestion_not_verified	1	has DOI; contains non-preprint version	crossref	https://doi.org/10.32614/cran.package.scpipeline		
P1	Harmony	CAND_PUB_Harmony_072fd76703cc	PUBWG_CAND_PUB_Harmony_072fd76703cc	true		Fast, sensitive, and accurate integration of single cell data with Harmony	Ilya Korsunsky;Jean Fan;Kamil Slowikowski;Fan Zhang;Kevin Wei;Yuriy Baglaenko;Michael Brenner;Po-Ru Loh;Soumya Raychaudhuri	10.1101/461954	2018		method_paper	primary_method_reference	0.850	108	https://doi.org/10.1101/461954	review_needed:review_needed	keep_candidate	candidate_only; requires_human_review_before_formal_ingest; canonical_suggestion_not_verified; preprint_or_preprint_like_source; has DOI; contains preprint version; canonical candidate; group_size=1; has DOI; contains preprint version; generic_or_common_tool_name_requires_disambiguation		publication	pending	review_needed	review_needed	review_needed	candidate_only; canonical_suggestion_not_verified; preprint_or_preprint_like_source	1	has DOI; contains preprint version	crossref	https://doi.org/10.1101/461954		
P1	Harmony	CAND_PUB_Harmony_7508d7d621bb	PUBWG_CAND_PUB_Harmony_7508d7d621bb	true		harmony: Fast, Sensitive, and Accurate Integration of Single Cell Data	Nikolaos Patikas;Hongcheng Yao;Ilya Korsunsky;Martin Hemberg;Nghia Millard;Jean Fan;Kamil Slowikowski;Soumya Raychaudhuri	10.32614/cran.package.harmony	2021	CRAN: Contributed Packages	method_paper	primary_method_reference	0.700	7	https://doi.org/10.32614/cran.package.harmony	review_needed:review_needed	keep_candidate	candidate_only; requires_human_review_before_formal_ingest; canonical_suggestion_not_verified; has DOI; contains non-preprint version; canonical candidate; group_size=1; has DOI; contains non-preprint version; generic_or_common_tool_name_requires_disambiguation		publication	pending	review_needed	review_needed	review_needed	candidate_only; canonical_suggestion_not_verified	1	has DOI; contains non-preprint version	crossref	https://doi.org/10.32614/cran.package.harmony		
P1	Harmony	CAND_PUB_Harmony_fdefc5628ea6	PUBWG_CAND_PUB_Harmony_fdefc5628ea6	true		Achieving Harmony in Worldwide Stem Cell Policy?	Arthur Caplan;Peter Bürkli	10.1016/j.stem.2009.06.009	2009	Cell Stem Cell	method_paper	primary_method_reference	0.700	0	https://doi.org/10.1016/j.stem.2009.06.009	review_needed:review_needed	likely_noise	candidate_only; requires_human_review_before_formal_ingest; canonical_suggestion_not_verified; has DOI; contains non-preprint version; canonical candidate; group_size=1; has DOI; contains non-preprint version; likely_name_collision_or_non_method_record; generic_or_common_tool_name_requires_disambiguation		publication	pending	review_needed	review_needed	review_needed	candidate_only; canonical_suggestion_not_verified	1	has DOI; contains non-preprint version	crossref	https://doi.org/10.1016/j.stem.2009.06.009		
P1	Harmony	CAND_PUB_Harmony_a3ff4431d8fa	PUBWG_CAND_PUB_Harmony_a3ff4431d8fa	true		C14. HARMONY IN HEALING: IMMUNE CELL CHOREGRAPHY OF LUNG INJURY AND REPAIR		10.1164/ajrccm-conference.2024.c14	2024		method_paper	primary_method_reference	0.700	0	https://doi.org/10.1164/ajrccm-conference.2024.c14	review_needed:review_needed	likely_noise	candidate_only; requires_human_review_before_formal_ingest; canonical_suggestion_not_verified; has DOI; contains non-preprint version; canonical candidate; group_size=1; has DOI; contains non-preprint version; likely_name_collision_or_non_method_record; generic_or_common_tool_name_requires_disambiguation; missing_fields:authors	authors	publication	pending	review_needed	review_needed	review_needed	candidate_only; canonical_suggestion_not_verified	1	has DOI; contains non-preprint version	crossref	https://doi.org/10.1164/ajrccm-conference.2024.c14		
P1	Scrublet	CAND_PUB_Scrublet_137a56b00546	PUBWG_CAND_PUB_Scrublet_137a56b00546	true		Scrublet: Computational Identification of Cell Doublets in Single-Cell Transcriptomic Data	Samuel L. Wolock;Romain Lopez;Allon M. Klein	10.1016/j.cels.2018.11.005	2019	Cell Systems	method_paper	primary_method_reference	0.850	2568	https://doi.org/10.1016/j.cels.2018.11.005	review_needed:review_needed	priority_review	candidate_only; requires_human_review_before_formal_ingest; duplicate_group_requires_manual_review; canonical_suggestion_not_verified; distinct DOIs; title similarity max=1.00; author overlap max=1.00; contains preprint version; contains non-preprint version; canonical candidate; group_size=2; distinct DOIs; title similarity max=1.00; author overlap max=1.00; contains preprint version; contains non-preprint version		publication	pending	review_needed	review_needed	review_needed	candidate_only; duplicate_group_requires_manual_review; canonical_suggestion_not_verified	2	distinct DOIs; title similarity max=1.00; author overlap max=1.00; contains preprint version; contains non-preprint version	crossref	https://doi.org/10.1016/j.cels.2018.11.005		
P1	Scrublet	CAND_PUB_Scrublet_df8991a083db	PUBWG_CAND_PUB_Scrublet_df8991a083db	true		Vaeda computationally annotates doublets in single-cell RNA sequencing data	Hannah Schriever;Dennis Kostka	10.1101/2022.04.15.488440	2022		application_paper	application_evidence	0.400	0	https://doi.org/10.1101/2022.04.15.488440	review_needed:review_needed	keep_candidate	candidate_only; requires_human_review_before_formal_ingest; canonical_suggestion_not_verified; preprint_or_preprint_like_source; supporting_record_type:application_paper; has DOI; contains preprint version; canonical candidate; group_size=1; has DOI; contains preprint version; supporting_record_type:application; supporting_paper_type:application_paper; weak_title_tool_alignment		application	pending	review_needed	review_needed	review_needed	candidate_only; canonical_suggestion_not_verified; preprint_or_preprint_like_source; supporting_record_type:application_paper	1	has DOI; contains preprint version	crossref	https://doi.org/10.1101/2022.04.15.488440		
P1	Scrublet	CAND_PUB_Scrublet_cde57151d883	PUBWG_CAND_PUB_Scrublet_137a56b00546	false	CAND_PUB_Scrublet_137a56b00546	Scrublet: computational identification of cell doublets in single-cell transcriptomic data	Samuel L. Wolock;Romain Lopez;Allon M. Klein	10.1101/357368	2018		method_paper	primary_method_reference	0.850	32	https://doi.org/10.1101/357368	review_needed:retrieval_only	likely_duplicate	candidate_only; requires_human_review_before_formal_ingest; duplicate_group_requires_manual_review; duplicate_suggestion_not_verified; preprint_or_preprint_like_source; distinct DOIs; title similarity max=1.00; author overlap max=1.00; contains preprint version; contains non-preprint version; duplicate candidate; group_size=2; distinct DOIs; title similarity max=1.00; author overlap max=1.00; contains preprint version; contains non-preprint version; duplicate_or_noncanonical_candidate		publication	pending	review_needed	review_needed	retrieval_only	candidate_only; duplicate_group_requires_manual_review; duplicate_suggestion_not_verified; preprint_or_preprint_like_source	2	distinct DOIs; title similarity max=1.00; author overlap max=1.00; contains preprint version; contains non-preprint version	crossref	https://doi.org/10.1101/357368		
P1	DoubletFinder	CAND_PUB_DoubletFinder_03be3bc27cea	PUBWG_CAND_PUB_DoubletFinder_03be3bc27cea	true		DoubletFinder: Doublet Detection in Single-Cell RNA Sequencing Data Using Artificial Nearest Neighbors	Christopher S. McGinnis;Lyndsay M. Murrow;Zev J. Gartner	10.1016/j.cels.2019.03.003	2019	Cell Systems	method_paper	primary_method_reference	0.850	4035	https://doi.org/10.1016/j.cels.2019.03.003	review_needed:review_needed	priority_review	candidate_only; requires_human_review_before_formal_ingest; duplicate_group_requires_manual_review; canonical_suggestion_not_verified; distinct DOIs; title similarity max=1.00; author overlap max=1.00; contains preprint version; contains non-preprint version; canonical candidate; group_size=2; distinct DOIs; title similarity max=1.00; author overlap max=1.00; contains preprint version; contains non-preprint version		publication	pending	review_needed	review_needed	review_needed	candidate_only; duplicate_group_requires_manual_review; canonical_suggestion_not_verified	2	distinct DOIs; title similarity max=1.00; author overlap max=1.00; contains preprint version; contains non-preprint version	crossref	https://doi.org/10.1016/j.cels.2019.03.003		
P1	DoubletFinder	CAND_PUB_DoubletFinder_10be5588515f	PUBWG_CAND_PUB_DoubletFinder_10be5588515f	true		Vaeda computationally annotates doublets in single-cell RNA sequencing data	Hannah Schriever;Dennis Kostka	10.1093/bioinformatics/btac720	2023	Bioinformatics	application_paper	application_evidence	0.400	7	https://doi.org/10.1093/bioinformatics/btac720	review_needed:review_needed	keep_candidate	candidate_only; requires_human_review_before_formal_ingest; duplicate_group_requires_manual_review; canonical_suggestion_not_verified; supporting_record_type:application_paper; distinct DOIs; title similarity max=1.00; author overlap max=1.00; contains preprint version; contains non-preprint version; canonical candidate; group_size=2; distinct DOIs; title similarity max=1.00; author overlap max=1.00; contains preprint version; contains non-preprint version; supporting_record_type:application; supporting_paper_type:application_paper; weak_title_tool_alignment		application	pending	review_needed	review_needed	review_needed	candidate_only; duplicate_group_requires_manual_review; canonical_suggestion_not_verified; supporting_record_type:application_paper	2	distinct DOIs; title similarity max=1.00; author overlap max=1.00; contains preprint version; contains non-preprint version	crossref	https://doi.org/10.1093/bioinformatics/btac720		
P1	DoubletFinder	CAND_PUB_DoubletFinder_337f4f369ca5	PUBWG_CAND_PUB_DoubletFinder_03be3bc27cea	false	CAND_PUB_DoubletFinder_03be3bc27cea	DoubletFinder: Doublet detection in single-cell RNA sequencing data using artificial nearest neighbors	Christopher S. McGinnis;Lyndsay M. Murrow;Zev J. Gartner	10.1101/352484	2018		method_paper	primary_method_reference	0.850	32	https://doi.org/10.1101/352484	review_needed:retrieval_only	likely_duplicate	candidate_only; requires_human_review_before_formal_ingest; duplicate_group_requires_manual_review; duplicate_suggestion_not_verified; preprint_or_preprint_like_source; distinct DOIs; title similarity max=1.00; author overlap max=1.00; contains preprint version; contains non-preprint version; duplicate candidate; group_size=2; distinct DOIs; title similarity max=1.00; author overlap max=1.00; contains preprint version; contains non-preprint version; duplicate_or_noncanonical_candidate		publication	pending	review_needed	review_needed	retrieval_only	candidate_only; duplicate_group_requires_manual_review; duplicate_suggestion_not_verified; preprint_or_preprint_like_source	2	distinct DOIs; title similarity max=1.00; author overlap max=1.00; contains preprint version; contains non-preprint version	crossref	https://doi.org/10.1101/352484		
P1	DoubletFinder	CAND_PUB_DoubletFinder_df8991a083db	PUBWG_CAND_PUB_DoubletFinder_10be5588515f	false	CAND_PUB_DoubletFinder_10be5588515f	Vaeda computationally annotates doublets in single-cell RNA sequencing data	Hannah Schriever;Dennis Kostka	10.1101/2022.04.15.488440	2022		application_paper	application_evidence	0.400	0	https://doi.org/10.1101/2022.04.15.488440	review_needed:retrieval_only	likely_duplicate	candidate_only; requires_human_review_before_formal_ingest; duplicate_group_requires_manual_review; duplicate_suggestion_not_verified; preprint_or_preprint_like_source; supporting_record_type:application_paper; distinct DOIs; title similarity max=1.00; author overlap max=1.00; contains preprint version; contains non-preprint version; duplicate candidate; group_size=2; distinct DOIs; title similarity max=1.00; author overlap max=1.00; contains preprint version; contains non-preprint version; duplicate_or_noncanonical_candidate; supporting_record_type:application; supporting_paper_type:application_paper; weak_title_tool_alignment		application	pending	review_needed	review_needed	retrieval_only	candidate_only; duplicate_group_requires_manual_review; duplicate_suggestion_not_verified; preprint_or_preprint_like_source; supporting_record_type:application_paper	2	distinct DOIs; title similarity max=1.00; author overlap max=1.00; contains preprint version; contains non-preprint version	crossref	https://doi.org/10.1101/2022.04.15.488440		
P1	SoupX	CAND_PUB_SoupX_5218c8e163d7	PUBWG_CAND_PUB_SoupX_5218c8e163d7	true		SoupX removes ambient RNA contamination from droplet-based single-cell RNA sequencing data	Matthew D Young;Sam Behjati	10.1093/gigascience/giaa151	2020	GigaScience	method_paper	primary_method_reference	0.850	1454	https://doi.org/10.1093/gigascience/giaa151	review_needed:review_needed	priority_review	candidate_only; requires_human_review_before_formal_ingest; duplicate_group_requires_manual_review; canonical_suggestion_not_verified; distinct DOIs; title similarity max=1.00; author overlap max=1.00; contains preprint version; contains non-preprint version; canonical candidate; group_size=2; distinct DOIs; title similarity max=1.00; author overlap max=1.00; contains preprint version; contains non-preprint version		publication	pending	review_needed	review_needed	review_needed	candidate_only; duplicate_group_requires_manual_review; canonical_suggestion_not_verified	2	distinct DOIs; title similarity max=1.00; author overlap max=1.00; contains preprint version; contains non-preprint version	crossref	https://doi.org/10.1093/gigascience/giaa151		
P1	SoupX	CAND_PUB_SoupX_b1b2e2560c39	PUBWG_CAND_PUB_SoupX_b1b2e2560c39	true		SoupX: Single Cell mRNA Soup eXterminator		10.32614/cran.package.soupx	2020	CRAN: Contributed Packages	method_paper	primary_method_reference	0.700	0	https://doi.org/10.32614/cran.package.soupx	review_needed:review_needed	needs_manual_lookup	candidate_only; requires_human_review_before_formal_ingest; canonical_suggestion_not_verified; has DOI; contains non-preprint version; canonical candidate; group_size=1; has DOI; contains non-preprint version; missing_fields:authors	authors	publication	pending	review_needed	review_needed	review_needed	candidate_only; canonical_suggestion_not_verified	1	has DOI; contains non-preprint version	crossref	https://doi.org/10.32614/cran.package.soupx		
P1	SoupX	CAND_PUB_SoupX_12aef91cea09	PUBWG_CAND_PUB_SoupX_5218c8e163d7	false	CAND_PUB_SoupX_5218c8e163d7	SoupX removes ambient RNA contamination from droplet based single-cell RNA sequencing data	Matthew D Young;Sam Behjati	10.1101/303727	2018		method_paper	primary_method_reference	0.850	79	https://doi.org/10.1101/303727	review_needed:retrieval_only	likely_duplicate	candidate_only; requires_human_review_before_formal_ingest; duplicate_group_requires_manual_review; duplicate_suggestion_not_verified; preprint_or_preprint_like_source; distinct DOIs; title similarity max=1.00; author overlap max=1.00; contains preprint version; contains non-preprint version; duplicate candidate; group_size=2; distinct DOIs; title similarity max=1.00; author overlap max=1.00; contains preprint version; contains non-preprint version; duplicate_or_noncanonical_candidate		publication	pending	review_needed	review_needed	retrieval_only	candidate_only; duplicate_group_requires_manual_review; duplicate_suggestion_not_verified; preprint_or_preprint_like_source	2	distinct DOIs; title similarity max=1.00; author overlap max=1.00; contains preprint version; contains non-preprint version	crossref	https://doi.org/10.1101/303727		
P1	CellTypist	CAND_PUB_CellTypist_0ab6945053d3	PUBWG_CAND_PUB_CellTypist_0ab6945053d3	true		Cross-tissue immune cell analysis reveals tissue-specific features in humans	Cecilia Dominguez Conde;Chuan Xu;Laura B. Jarvis;Daniel B. Rainbow;Sarah B. Wells;Tiago Gomes;Sarah K. Howlett;Ondrej Suchanek;Krzysztof Polanski;Hamish W. King;Muzlifah Haniffa;Sarah A. Teichmann	10.1126/science.abl5197	2022	Science	method_paper	primary_method_reference	0.850		https://doi.org/10.1126/science.abl5197	manual_review	priority_review	candidate_only; requires_human_review_before_formal_ingest; manual authoritative seed; official CellTypist citation; DOI checked; contains non-preprint version; title does not contain tool name; weak_title_tool_alignment		publication	pending	review_needed				1	manual authoritative seed; official CellTypist citation; DOI checked; contains non-preprint version; title does not contain tool name	manual	https://doi.org/10.1126/science.abl5197		
P1	scVelo	CAND_PUB_scVelo_524cf1f1f80e	PUBWG_CAND_PUB_scVelo_524cf1f1f80e	true		Generalizing RNA velocity to transient cell states through dynamical modeling	Volker Bergen;Marius Lange;Stefan Peidli;F. Alexander Wolf;Fabian J. Theis	10.1038/s41587-020-0591-3	2020	Nature Biotechnology	method_paper	primary_method_reference	0.950		https://doi.org/10.1038/s41587-020-0591-3	manual_review	priority_review	candidate_only; requires_human_review_before_formal_ingest; manual authoritative seed; DOI checked; contains non-preprint version; weak_title_tool_alignment		publication	pending	review_needed				1	manual authoritative seed; DOI checked; contains non-preprint version	manual	https://doi.org/10.1038/s41587-020-0591-3		
